model,model_family,prototype_source,n_prototypes,weighted_similarity,learn_distance_feature_weights,risk_measure,liability_type,payoff_state_version,model_features,outcome_definition,premium_included,n_runs,liability_offset_mean_avg,liability_offset_mean_std,liability_offset_variance_avg,liability_offset_p05_avg,liability_offset_cvar05_avg,liability_offset_mae_avg,liability_offset_rmse_avg,liability_offset_downside_deviation_avg,negative_offset_rate_avg,delta_abs_max_avg,action_abs_mean_avg,pct_at_any_position_bound_avg,pct_at_upper_position_bound_avg,pct_at_lower_position_bound_avg,pct_paths_touch_any_position_bound_avg,selected_epoch_avg,selected_score_avg,selected_val_pct_at_any_position_bound_avg,selected_val_pct_paths_touch_any_position_bound_avg,selected_band_avg,validation_liability_offset_mean_avg,validation_liability_offset_cvar05_avg,validation_bound_occupancy_avg,validation_path_bound_touch_avg,passes_validation_robust_screen,selected_for,selection_split,passes_test_bound_occupancy_diagnostic,passes_test_path_touch_diagnostic,passes_test_robustness_diagnostic,passes_robust_screen,liability_offset_mean_avg_minus_unhedged,liability_offset_mean_avg_minus_spot_delta,liability_offset_mean_avg_minus_spot_delta_band,liability_offset_mean_avg_minus_vanilla,liability_offset_cvar05_avg_minus_unhedged,liability_offset_cvar05_avg_minus_spot_delta,liability_offset_cvar05_avg_minus_spot_delta_band,liability_offset_cvar05_avg_minus_vanilla,liability_offset_rmse_avg_improvement_vs_unhedged,liability_offset_rmse_avg_improvement_vs_spot_delta,liability_offset_rmse_avg_improvement_vs_spot_delta_band,liability_offset_rmse_avg_improvement_vs_vanilla,liability_offset_downside_deviation_avg_improvement_vs_unhedged,liability_offset_downside_deviation_avg_improvement_vs_spot_delta,liability_offset_downside_deviation_avg_improvement_vs_spot_delta_band,liability_offset_downside_deviation_avg_improvement_vs_vanilla,ticker,paper_label,selection,selection_objective,model_selection_version,validation_selection_score
unhedged,baseline,,,,,,european_call,,delta|price|time_left,liability-offset-excluding-premium-v1,False,3,-0.0368358614407846,0.0,0.0021979443129053,-0.1313549280166626,-0.1564491159386105,0.0368358614407846,0.0596223531990314,0.0596223531990314,0.5822784810126582,0.0,0.0,0.0,0.0,0.0,0.0,,,,,,,,,,True,,,True,True,True,True,0.0,-0.0032223501293782,-0.0035607122702186,-0.0108364335532075,0.0,-0.0775844450626108,-0.0767283669362465,-0.041443710801778,0.0,-0.0220519335667615,-0.022419967062455,-0.0155860944843676,0.0,-0.0220519335667615,-0.022419967062455,-0.0158587518717769,AAPL,Unhedged,unhedged,,,
spot_delta,baseline,,,,,,european_call,,delta|price|time_left,liability-offset-excluding-premium-v1,False,3,-0.0336135113114064,0.0,0.0002816682886628,-0.066724706441164,-0.0788646708759996,0.0336135113114064,0.0375704196322699,0.0375704196322699,1.0,0.9990079998970032,0.0420369394123554,0.0,0.0,0.0,0.0,,,,,,,,,,True,,,True,True,True,True,0.0032223501293782,0.0,-0.0003383621408403,-0.0076140834238292,0.0775844450626108,0.0,0.0008560781263642,0.0361407342608328,0.0220519335667615,0.0,-0.0003680334956935,0.0064658390823938,0.0220519335667615,0.0,-0.0003680334956935,0.0061931816949845,AAPL,Spot-Delta,spot_delta,,,
spot_delta_band,baseline,,,,,,european_call,,delta|price|time_left,liability-offset-excluding-premium-v1,False,3,-0.033275149170566,0.0,0.0002767819819315,-0.0679467730224132,-0.0797207490023639,0.033275149170566,0.0372023861365764,0.0372023861365764,1.0,0.9490079879760742,0.0281640104949474,0.0,0.0,0.0,0.0,,,,,0.05,,,,,True,,,True,True,True,True,0.0035607122702186,0.0003383621408403,0.0,-0.0072757212829889,0.0767283669362465,-0.0008560781263642,0.0,0.0352846561344685,0.022419967062455,0.0003680334956935,0.0,0.0068338725780874,0.022419967062455,0.0003680334956935,0.0,0.006561215190678,AAPL,Spot-Delta Band,spot_delta_band,,,
vanilla,vanilla,,,,,cvar,european_call,,delta|price|time_left,liability-offset-excluding-premium-v1,False,3,-0.0259994278875771,0.0033747965092277,0.0012558242058002,-0.0986195070048173,-0.1150054051368324,0.0279623536343844,0.0440362587146638,0.0437636013272545,0.8795124238162213,0.9942273298899332,0.0318084446092446,0.325,0.325,0.0,0.6666666666666666,87.33333333333333,0.195624992224443,0.3250485908649174,0.6686103012633625,,,,,,True,,,True,True,True,True,0.0108364335532075,0.0076140834238292,0.0072757212829889,0.0,0.041443710801778,-0.0361407342608328,-0.0352846561344685,0.0,0.0155860944843676,-0.0064658390823938,-0.0068338725780874,0.0,0.0158587518717769,-0.0061931816949845,-0.006561215190678,0.0,AAPL,Deep Hedging,vanilla,,,
proto_source=spot_delta_k=100_weighted=1_learnw=0,proto,spot_delta,100.0,True,False,cvar,european_call,,delta|price|time_left,liability-offset-excluding-premium-v1,False,3,-0.0293243461248887,0.0020739793408869,0.0006392065659914,-0.072168502335747,-0.0868439414986857,0.031813753989898,0.0381475164336939,0.0378058244920644,0.9179559306141586,1.0,0.0446726692219575,0.0612634786685419,0.0610876699484294,0.0001758087201125,0.3019221753398969,45.0,0.1595552497773464,0.012257045675413,0.0869776482021379,,-0.0274414244280771,-0.0998896955024628,0.0654154518950437,0.3576287657920311,True,best_screened_proto_mean,validation,True,True,True,True,0.0075115153158958,0.0042891651865176,0.0039508030456772,-0.0033249182373116,0.0696051744399247,-0.0079792706226861,-0.0071231924963218,0.0281614636381467,0.0214748367653375,-0.0005770968014239,-0.0009451302971174,0.0058887422809699,0.021816528706967,-0.0002354048597944,-0.0006034383554879,0.0059577768351901,AAPL,ProtoHedge (Validation-Mean),best_screened_proto_mean,liability_offset_mean_avg,validation-only-across-seeds-v1,-0.0274414244280771
proto_source=spot_delta_k=10_weighted=0_learnw=0,proto,spot_delta,10.0,False,False,cvar,european_call,,delta|price|time_left,liability-offset-excluding-premium-v1,False,3,-0.0291793179398981,0.0018634636822204,0.0003407878585127,-0.0593761497487624,-0.0765356194503881,0.0303148900235549,0.0345620163743722,0.0343293767551281,0.959212376933896,1.0,0.0482170867423216,0.0284458509142053,0.0284458509142053,0.0,0.2006563525550867,104.0,0.1608051321251124,0.0157069970845481,0.064625850340136,,-0.0280128460722741,-0.0776286898269539,0.0220602526724975,0.1579203109815354,True,best_screened_proto_cvar05,validation,True,True,True,True,0.0076565435008865,0.0044341933715082,0.0040958312306678,-0.003179890052321,0.0799134964882223,0.0023290514256115,0.0031851295519758,0.0384697856864443,0.0250603368246592,0.0030084032578977,0.0026403697622042,0.0094742423402916,0.0252929764439033,0.0032410428771418,0.0028730093814483,0.0094342245721264,AAPL,ProtoHedge (Validation-Tail),best_screened_proto_cvar05,liability_offset_cvar05_avg,validation-only-across-seeds-v1,-0.0776286898269539
unhedged,baseline,,,,,,european_call,,delta|price|time_left,liability-offset-excluding-premium-v1,False,3,-0.0267647228936493,0.0,0.0013204051541896,-0.1045480489730835,-0.1218799584441714,0.0267647228936493,0.045130428158433,0.045130428158433,0.5273492286115007,0.0,0.0,0.0,0.0,0.0,0.0,,,,,,,,,,True,,,True,True,True,True,0.0,0.0014961571282436,0.0005929341208618,-0.0035816722026962,0.0,-0.0543451050503386,-0.0487546885593069,-0.0329219230485183,0.0,-0.0139881451966993,-0.0138907640398419,-0.0078843600053812,0.0,-0.0139881451966993,-0.0138907640398419,-0.0086641744853826,IWM,Unhedged,unhedged,,,
spot_delta,baseline,,,,,,european_call,,delta|price|time_left,liability-offset-excluding-premium-v1,False,3,-0.028260880021893,0.0,0.0001711644484568,-0.0462566249072551,-0.0675348533938328,0.028260880021893,0.0311422829617337,0.0311422829617337,1.0,0.998394012451172,0.0446749255061149,0.0,0.0,0.0,0.0,,,,,,,,,,True,,,True,True,True,True,-0.0014961571282436,0.0,-0.0009032230073818,-0.0050778293309399,0.0543451050503386,0.0,0.0055904164910316,0.0214231820018203,0.0139881451966993,0.0,9.738115685741996e-05,0.006103785191318,0.0139881451966993,0.0,9.738115685741996e-05,0.0053239707113167,IWM,Spot-Delta,spot_delta,,,
spot_delta_band,baseline,,,,,,european_call,,delta|price|time_left,liability-offset-excluding-premium-v1,False,3,-0.0273576570145111,0.0,0.0002274752169187,-0.0504871122539043,-0.0731252698848645,0.0273576570145111,0.0312396641185911,0.0312396641185911,1.0,0.898393988609314,0.0225018672645092,0.0,0.0,0.0,0.0,,,,,0.1,,,,,True,,,True,True,True,True,-0.0005929341208618,0.0009032230073818,0.0,-0.004174606323558,0.0487546885593069,-0.0055904164910316,0.0,0.0158327655107886,0.0138907640398419,-9.738115685741996e-05,0.0,0.0060064040344606,0.0138907640398419,-9.738115685741996e-05,0.0,0.0052265895544592,IWM,Spot-Delta Band,spot_delta_band,,,
vanilla,vanilla,,,,,cvar,european_call,,delta|price|time_left,liability-offset-excluding-premium-v1,False,3,-0.0231830506909531,0.002969414708193,0.0008447391854684,-0.0746058359742164,-0.0889580353956531,0.028869507383376,0.0372460681530517,0.0364662536730504,0.769518466573165,0.9934572378794352,0.0467134416103363,0.4413861617578307,0.2913861617578308,0.15,0.6666666666666666,-0.3333333333333333,0.1617059583818518,0.4417025862068965,0.6681034482758621,,,,,,True,,,True,True,True,True,0.0035816722026962,0.0050778293309399,0.004174606323558,0.0,0.0329219230485183,-0.0214231820018203,-0.0158327655107886,0.0,0.0078843600053812,-0.006103785191318,-0.0060064040344606,0.0,0.0086641744853826,-0.0053239707113167,-0.0052265895544592,0.0,IWM,Deep Hedging,vanilla,,,
proto_source=spot_delta_k=25_weighted=0_learnw=0,proto,spot_delta,25.0,False,False,cvar,european_call,,delta|price|time_left,liability-offset-excluding-premium-v1,False,3,-0.0153199038618242,0.0039352369644435,0.0006821568701827,-0.0560850384334723,-0.0766214458961729,0.0229678619657612,0.030385197747654,0.0274235592486221,0.7947639083683965,1.0,0.0617865646878878,0.0764609630668536,0.0737377279102384,0.0027232351566152,0.4296400187003272,365.6666666666667,0.1070929050760993,0.0346743295019157,0.1954022988505747,,-0.0186416283036315,-0.1227545151043505,0.0818366858237547,0.4228927203065134,True,best_screened_proto_mean,validation,True,True,True,True,0.0114448190318251,0.0129409761600687,0.0120377531526869,0.0078631468291288,0.0452585125479985,-0.0090865925023401,-0.0034961760113084,0.0123365894994802,0.014745230410779,0.0007570852140797,0.0008544663709371,0.0068608704053977,0.0177068689098109,0.0037187237131116,0.003816104869969,0.0090426944244283,IWM,ProtoHedge (Validation-Mean),best_screened_proto_mean,liability_offset_mean_avg,validation-only-across-seeds-v1,-0.0186416283036315
proto_source=spot_delta_k=10_weighted=1_learnw=0,proto,spot_delta,10.0,True,False,cvar,european_call,,delta|price|time_left,liability-offset-excluding-premium-v1,False,3,-0.021548289511755,0.0044304920612131,0.0007600155865847,-0.0659475083152453,-0.0762934185978439,0.0278893021904831,0.0344140661925375,0.0330222522361678,0.8237494156147732,1.0,0.0583922130366166,0.1614305750350631,0.1613838242169238,4.675081813931744e-05,0.6278634876110332,410.0,0.1057541272954094,0.0380028735632183,0.2255747126436781,,-0.0197668732197462,-0.0852557626153741,0.1624401340996168,0.6431992337164751,True,best_screened_proto_cvar05,validation,True,True,True,True,0.0052164333818942,0.0067125905101379,0.005809367502756,0.001634761179198,0.0455865398463275,-0.008758565204011,-0.0031681487129794,0.0126646167978092,0.0107163619658955,-0.0032717832308037,-0.0031744020739463,0.0028320019605142,0.0121081759222652,-0.001879969274434,-0.0017825881175766,0.0034440014368826,IWM,ProtoHedge (Validation-Tail),best_screened_proto_cvar05,liability_offset_cvar05_avg,validation-only-across-seeds-v1,-0.0852557626153741
unhedged,baseline,,,,,,european_call,,delta|price|time_left,liability-offset-excluding-premium-v1,False,3,-0.0766187539752225,0.0,0.0089915632852359,-0.2770386278629303,-0.3269083102544148,0.0766187539752225,0.1219097893770292,0.1219097893770292,0.6195652173913043,0.0,0.0,0.0,0.0,0.0,0.0,,,,,,,,,,True,,,True,True,True,True,0.0,-0.0157741038114272,-0.0162139061436357,-0.0349313668944815,0.0,-0.2090351082610361,-0.211284897318392,-0.0617119316199812,0.0,-0.0568347822923518,-0.0573354194996808,-0.0382163717758276,0.0,-0.0568347822923518,-0.0573354194996808,-0.0382264013635917,NVDA,Unhedged,unhedged,,,
spot_delta,baseline,,,,,,european_call,,delta|price|time_left,liability-offset-excluding-premium-v1,False,3,-0.0608446501637953,0.0,0.0005326850935161,-0.0975082479417324,-0.1178732019933787,0.0608446501637953,0.0650750070846774,0.0650750070846774,1.0,0.9998589754104614,0.0440831631422042,0.0,0.0,0.0,0.0,,,,,,,,,,True,,,True,True,True,True,0.0157741038114272,0.0,-0.0004398023322085,-0.0191572630830543,0.2090351082610361,0.0,-0.0022497890573559,0.1473231766410548,0.0568347822923518,0.0,-0.0005006372073289,0.0186184105165242,0.0568347822923518,0.0,-0.0005006372073289,0.0186083809287601,NVDA,Spot-Delta,spot_delta,,,
spot_delta_band,baseline,,,,,,european_call,,delta|price|time_left,liability-offset-excluding-premium-v1,False,3,-0.0604048478315867,0.0,0.0005211036034994,-0.1009584467858076,-0.1156234129360227,0.0604048478315867,0.0645743698773484,0.0645743698773484,1.0,0.9498589634895324,0.0296270307153463,0.0,0.0,0.0,0.0,,,,,0.05,,,,,True,,,True,True,True,True,0.0162139061436357,0.0004398023322085,0.0,-0.0187174607508458,0.211284897318392,0.0022497890573559,0.0,0.1495729656984107,0.0573354194996808,0.0005006372073289,0.0,0.0191190477238532,0.0573354194996808,0.0005006372073289,0.0,0.0191090181360891,NVDA,Spot-Delta Band,spot_delta_band,,,
vanilla,vanilla,,,,,cvar,european_call,,delta|price|time_left,liability-offset-excluding-premium-v1,False,3,-0.0416873870807409,0.0004207113243125,0.0052670229171044,-0.2121325405935446,-0.2651963786344335,0.0425754560149416,0.0836934176012016,0.0836833880134375,0.7883022774327122,1.0,0.0265812737246354,0.4833333333333333,0.4833333333333333,0.0,1.0,125.66666666666669,0.2540033634317418,0.4833333333333333,1.0,,,,,,True,,,True,True,True,True,0.0349313668944815,0.0191572630830543,0.0187174607508458,0.0,0.0617119316199812,-0.1473231766410548,-0.1495729656984107,0.0,0.0382163717758276,-0.0186184105165242,-0.0191190477238532,0.0,0.0382264013635917,-0.0186083809287601,-0.0191090181360891,0.0,NVDA,Deep Hedging,vanilla,,,
proto_source=spot_delta_k=50_weighted=1_learnw=0,proto,spot_delta,50.0,True,False,cvar,european_call,,delta|price|time_left,liability-offset-excluding-premium-v1,False,3,-0.0504681859549263,0.0023297547937156,0.0031587327903517,-0.1442697957158088,-0.1831768816619208,0.0599817498610571,0.0751709259232108,0.073109371896453,0.8519668737060041,1.0,0.0476400752862294,0.0594332298136645,0.0575439958592132,0.0018892339544513,0.3685300207039337,44.666666666666664,0.2183813716714514,0.0207207207207207,0.1956956956956957,,-0.0328751256507872,-0.1521887995448767,0.0842217217217217,0.4824824824824825,True,best_screened_proto_mean,validation,True,True,True,True,0.0261505680202962,0.010376464208869,0.0099366618766604,-0.0087807988741853,0.143731428592494,-0.0653036796685421,-0.067553468725898,0.0820194969725127,0.0467388634538184,-0.0100959188385334,-0.0105965560458624,0.0085224916779908,0.0488004174805762,-0.0080343648117756,-0.0085350020191046,0.0105740161169845,NVDA,ProtoHedge (Validation-Mean),best_screened_proto_mean,liability_offset_mean_avg,validation-only-across-seeds-v1,-0.0328751256507872
proto_source=spot_delta_k=25_weighted=0_learnw=0,proto,spot_delta,25.0,False,False,cvar,european_call,,delta|price|time_left,liability-offset-excluding-premium-v1,False,3,-0.0532595720893221,0.007021959129287,0.0022610803258044,-0.1524141932527224,-0.1866718532160075,0.0560726189819744,0.0714933567657922,0.0708525924180112,0.9446169772256728,1.0,0.0512174765268961,0.1194487577639751,0.1194487577639751,0.0,0.5315734989648033,285.3333333333333,0.2182849574022487,0.0758258258258258,0.4854854854854855,,-0.0405218045622738,-0.1393981499999177,0.126001001001001,0.5285285285285285,True,best_screened_proto_cvar05,validation,True,True,True,True,0.0233591818859003,0.0075850780744731,0.0071452757422645,-0.0115721850085812,0.1402364570384073,-0.0687986512226287,-0.0710484402799847,0.078524525418426,0.050416432611237,-0.0064183496811148,-0.0069189868884438,0.0122000608354093,0.051057196959018,-0.0057775853333338,-0.0062782225406628,0.0128307955954263,NVDA,ProtoHedge (Validation-Tail),best_screened_proto_cvar05,liability_offset_cvar05_avg,validation-only-across-seeds-v1,-0.1393981499999177
unhedged,baseline,,,,,,european_call,,delta|price|time_left,liability-offset-excluding-premium-v1,False,3,-0.0313357624704438,0.0,0.0012439992007986,-0.1032471060752868,-0.122735207421439,0.0313357624704438,0.0471797542427118,0.0471797542427118,0.6430635838150289,0.0,0.0,0.0,0.0,0.0,0.0,,,,,,,,,,True,,,True,True,True,True,0.0,-0.0034606416993693,-0.0039923521252672,-0.0110485496699489,0.0,-0.0616395654422896,-0.0624069173421178,-0.0115202688745089,0.0,-0.0166751130135605,-0.017144206123346,-0.0080148245696178,0.0,-0.0166751130135605,-0.017144206123346,-0.0085788215025,QQQ,Unhedged,unhedged,,,
spot_delta,baseline,,,,,,european_call,,delta|price|time_left,liability-offset-excluding-premium-v1,False,3,-0.0278751207710744,0.0,0.0001535107785172,-0.0504864023998379,-0.0610956419791494,0.0278751207710744,0.0305046412291512,0.0305046412291512,1.0,0.9999669790267944,0.0435692071914672,0.0001083815028901,0.0001083815028901,0.0,0.0043352601156069,,,,,,,,,,True,,,True,True,True,True,0.0034606416993693,0.0,-0.0005317104258978,-0.0075879079705795,0.0616395654422896,0.0,-0.0007673518998282,0.0501192965677806,0.0166751130135605,0.0,-0.0004690931097854,0.0086602884439427,0.0166751130135605,0.0,-0.0004690931097854,0.0080962915110604,QQQ,Spot-Delta,spot_delta,,,
spot_delta_band,baseline,,,,,,european_call,,delta|price|time_left,liability-offset-excluding-premium-v1,False,3,-0.0273434103451766,0.0,0.000154472061526,-0.0481232456862926,-0.0603282900793211,0.0273434103451766,0.0300355481193658,0.0300355481193658,1.0,0.9499669671058656,0.0290221646428108,0.0,0.0,0.0,0.0,,,,,0.05,,,,,True,,,True,True,True,True,0.0039923521252672,0.0005317104258978,0.0,-0.0070561975446817,0.0624069173421178,0.0007673518998282,0.0,0.0508866484676088,0.017144206123346,0.0004690931097854,0.0,0.0091293815537281,0.017144206123346,0.0004690931097854,0.0,0.0085653846208459,QQQ,Spot-Delta Band,spot_delta_band,,,
vanilla,vanilla,,,,,cvar,european_call,,delta|price|time_left,liability-offset-excluding-premium-v1,False,3,-0.0202872128004948,0.0043791299635113,0.0011096075125311,-0.0909569315612316,-0.11121493854693,0.0246562082043292,0.0391649296730939,0.0386009327402117,0.7259152215799615,0.994258443514506,0.0428903736174106,0.2495183044315992,0.2495062620423892,1.2042389210019268e-05,0.6575144508670521,50.666666666666664,0.133165050331079,0.2177653108929406,0.6161757830762039,,,,,,True,,,True,True,True,True,0.0110485496699489,0.0075879079705795,0.0070561975446817,0.0,0.0115202688745089,-0.0501192965677806,-0.0508866484676088,0.0,0.0080148245696178,-0.0086602884439427,-0.0091293815537281,0.0,0.0085788215025,-0.0080962915110604,-0.0085653846208459,0.0,QQQ,Deep Hedging,vanilla,,,
proto_source=spot_delta_k=25_weighted=0_learnw=0,proto,spot_delta,25.0,False,False,cvar,european_call,,delta|price|time_left,liability-offset-excluding-premium-v1,False,3,-0.02127317694958,0.0004421383864503,0.0007470571247265,-0.0791346479207277,-0.1001485046886262,0.0234366436904735,0.0343903842868044,0.0341424994873961,0.8545279383429673,1.0,0.0862938699622948,0.0655346820809248,0.0654985549132948,3.6127167630057806e-05,0.4841040462427746,232.66666666666663,0.1071919671908045,0.0174029920523609,0.1823281907433379,,-0.0152005630486212,-0.0888448256516346,0.0398200093501636,0.3389434315100514,True,best_screened_proto_mean,validation,True,True,True,True,0.0100625855208637,0.0066019438214944,0.0060702333955965,-0.0009859641490851,0.0225867027328127,-0.0390528627094768,-0.039820214609305,0.0110664338583038,0.0127893699559073,-0.0038857430576532,-0.0043548361674386,0.0047745453862895,0.0130372547553156,-0.0036378582582449,-0.0041069513680303,0.0044584332528155,QQQ,ProtoHedge (Validation-Mean),best_screened_proto_mean,liability_offset_mean_avg,validation-only-across-seeds-v1,-0.0152005630486212
proto_source=spot_delta_k=10_weighted=0_learnw=0,proto,spot_delta,10.0,False,False,cvar,european_call,,delta|price|time_left,liability-offset-excluding-premium-v1,False,3,-0.0228229610140947,0.0012237869580419,0.0002939911683722,-0.0542416574433445,-0.0686869767450151,0.0239141028647415,0.0285108292496476,0.0282192464331528,0.958092485549133,1.0,0.0739603278537591,0.028781310211946,0.028781310211946,0.0,0.2003853564547206,309.3333333333333,0.1081978326843892,0.026437587657784,0.1757830762038335,,-0.0205172127667583,-0.074784611593242,0.0211196820944366,0.1538101916783543,True,best_screened_proto_cvar05,validation,True,True,True,True,0.008512801456349,0.0050521597569796,0.0045204493310818,-0.0025357482135999,0.0540482306764239,-0.0075913347658656,-0.0083586866656939,0.0425279618019149,0.0186689249930641,0.0019938119795035,0.0015247188697181,0.0106541004234463,0.0189605078095589,0.0022853947959983,0.0018163016862129,0.0103816863070588,QQQ,ProtoHedge (Validation-Tail),best_screened_proto_cvar05,liability_offset_cvar05_avg,validation-only-across-seeds-v1,-0.074784611593242
unhedged,baseline,,,,,,european_call,,delta|price|time_left,liability-offset-excluding-premium-v1,False,3,-0.0237975286066448,0.0,0.0006365277533062,-0.071152639389038,-0.0878926118214925,0.0237975286066448,0.0346821297081119,0.0346821297081119,0.6479663394109397,0.0,0.0,0.0,0.0,0.0,0.0,,,,,,,,,,True,,,True,True,True,True,0.0,-0.0024084806589861,-0.0026218287488719,-0.0064939459339846,0.0,-0.0385464062500331,-0.0390982864838507,-0.0111832539723427,0.0,-0.0110318090250533,-0.0112740620186799,-0.0071542902355649,0.0,-0.0110318090250533,-0.0112740620186799,-0.0072987627439581,SPY,Unhedged,unhedged,,,
spot_delta,baseline,,,,,,european_call,,delta|price|time_left,liability-offset-excluding-premium-v1,False,3,-0.0213890479476586,0.0,0.0001018462963042,-0.0393094487488269,-0.0493462055714593,0.0213890479476586,0.0236503206830586,0.0236503206830586,1.0,0.99966698884964,0.0437873043119907,0.0,0.0,0.0,0.0,,,,,,,,,,True,,,True,True,True,True,0.0024084806589861,0.0,-0.0002133480898858,-0.0040854652749984,0.0385464062500331,0.0,-0.0005518802338176,0.0273631522776904,0.0110318090250533,0.0,-0.0002422529936266,0.0038775187894883,0.0110318090250533,0.0,-0.0002422529936266,0.0037330462810951,SPY,Spot-Delta,spot_delta,,,
spot_delta_band,baseline,,,,,,european_call,,delta|price|time_left,liability-offset-excluding-premium-v1,False,3,-0.0211756998577728,0.0,9.952736848654816e-05,-0.0387934304773807,-0.0487943253376417,0.0211756998577728,0.0234080676894319,0.0234080676894319,1.0,0.9796670079231262,0.0361112207174301,0.0,0.0,0.0,0.0,,,,,0.02,,,,,True,,,True,True,True,True,0.0026218287488719,0.0002133480898858,0.0,-0.0038721171851126,0.0390982864838507,0.0005518802338176,0.0,0.027915032511508,0.0112740620186799,0.0002422529936266,0.0,0.004119771783115,0.0112740620186799,0.0002422529936266,0.0,0.0039752992747218,SPY,Spot-Delta Band,spot_delta_band,,,
vanilla,vanilla,,,,,cvar,european_call,,delta|price|time_left,liability-offset-excluding-premium-v1,False,3,-0.0173035826726602,0.0025749664556182,0.0004617882073814,-0.0625323362648487,-0.0767093578491498,0.0183837488789936,0.0275278394725469,0.0273833669641538,0.9055633473585788,0.9009842475255332,0.0334529460718234,0.1583333333333333,0.1583333333333333,0.0,0.3333333333333333,60.333333333333336,0.1012428031169793,0.1583566108007448,0.3342644320297951,,,,,,True,,,True,True,True,True,0.0064939459339846,0.0040854652749984,0.0038721171851126,0.0,0.0111832539723427,-0.0273631522776904,-0.027915032511508,0.0,0.0071542902355649,-0.0038775187894883,-0.004119771783115,0.0,0.0072987627439581,-0.0037330462810951,-0.0039752992747218,0.0,SPY,Deep Hedging,vanilla,,,
proto_source=spot_delta_k=10_weighted=1_learnw=0,proto,spot_delta,10.0,True,False,cvar,european_call,,delta|price|time_left,liability-offset-excluding-premium-v1,False,3,-0.0181433732149696,0.0005634254514377,0.0001063692640122,-0.0380916468799114,-0.0465970601610563,0.0182717838083095,0.0208731108050784,0.0208504248152903,0.9915848527349228,1.0,0.0579891974727312,0.0321411874707807,0.032117812061711,2.337540906965872e-05,0.1804581580177653,372.6666666666667,0.0847454110538548,0.02899208566108,0.2113594040968342,,-0.0188309846111684,-0.0895492857736017,0.0220554003724394,0.164804469273743,True,best_screened_proto_mean,validation,True,True,True,True,0.0056541553916752,0.003245674732689,0.0030323266428032,-0.0008397905423093,0.0412955516604361,0.002749145410403,0.0021972651765854,0.0301122976880934,0.0138090189030334,0.0027772098779801,0.0025349568843534,0.0066547286674685,0.0138317048928216,0.0027998958677683,0.0025576428741416,0.0065329421488634,SPY,ProtoHedge (Validation-Mean),best_screened_proto_mean,liability_offset_mean_avg,validation-only-across-seeds-v1,-0.0188309846111684
proto_source=vanilla_k=50_weighted=1_learnw=0,proto,vanilla,50.0,True,False,cvar,european_call,,delta|price|time_left,liability-offset-excluding-premium-v1,False,3,-0.0197180121502241,0.0016658874746251,0.0001779100451536,-0.0438982896506786,-0.0562192458590423,0.0200714200668952,0.0238026118399128,0.0237080732696941,0.9831697054698456,1.0,0.0304092572381099,0.0248714352501168,0.0245324918186068,0.00033894343151,0.177185600748013,146.66666666666666,0.0846541882750493,0.018645251396648,0.1894785847299813,,-0.020174236766743,-0.0836778782584049,0.0206354748603351,0.1750465549348231,True,best_screened_proto_cvar05,validation,True,True,True,True,0.0040795164564206,0.0016710357974345,0.0014576877075487,-0.0024144294775639,0.0316733659624501,-0.0068730402875829,-0.0074249205214005,0.0204901119901074,0.0108795178681991,-0.0001522911568541,-0.0003945441504808,0.0037252276326341,0.0109740564384177,-5.775258663553648e-05,-0.0003000055802622,0.0036752936944596,SPY,ProtoHedge (Validation-Tail),best_screened_proto_cvar05,liability_offset_cvar05_avg,validation-only-across-seeds-v1,-0.0836778782584049
unhedged,baseline,,,,,,european_call,,delta|price|time_left,liability-offset-excluding-premium-v1,False,3,-0.0143725990914226,0.0,0.0006742631676892,-0.0736129343509674,-0.0947518481148613,0.0143725990914226,0.0296788606980125,0.0296788606980125,0.3806179775280898,0.0,0.0,0.0,0.0,0.0,0.0,,,,,,,,,,True,,,True,True,True,True,0.0,0.0085679386118479,0.0075099885679867,0.0113680153510276,0.0,-0.0362324736391504,-0.0306459989191757,-0.0144752704848845,0.0,-0.0043637010791055,-0.00416203569308,0.0079144160285275,0.0,-0.0043637010791055,-0.00416203569308,0.0073346518906158,TLT,Unhedged,unhedged,,,
spot_delta,baseline,,,,,,european_call,,delta|price|time_left,liability-offset-excluding-premium-v1,False,3,-0.0229405377032706,0.0,0.0001145890364155,-0.0440134217962622,-0.0585193744757109,0.0229405377032706,0.025315159618907,0.025315159618907,1.0,0.999442994594574,0.0463464595377445,0.0,0.0,0.0,0.0,,,,,,,,,,True,,,True,True,True,True,-0.0085679386118479,0.0,-0.0010579500438611,0.0028000767391797,0.0362324736391504,0.0,0.0055864747199747,0.0217572031542658,0.0043637010791055,0.0,0.0002016653860255,0.012278117107633,0.0043637010791055,0.0,0.0002016653860255,0.0116983529697213,TLT,Spot-Delta,spot_delta,,,
spot_delta_band,baseline,,,,,,european_call,,delta|price|time_left,liability-offset-excluding-premium-v1,False,3,-0.0218825876594094,0.0,0.0001722607156606,-0.0457508647814393,-0.0641058491956856,0.0218825876594094,0.0255168250049325,0.0255168250049325,1.0,0.8494429588317871,0.0187923796474933,0.0,0.0,0.0,0.0,,,,,0.15,,,,,True,,,True,True,True,True,-0.0075099885679867,0.0010579500438611,0.0,0.0038580267830409,0.0306459989191757,-0.0055864747199747,0.0,0.0161707284342911,0.00416203569308,-0.0002016653860255,0.0,0.0120764517216075,0.00416203569308,-0.0002016653860255,0.0,0.0114966875836958,TLT,Spot-Delta Band,spot_delta_band,,,
vanilla,vanilla,,,,,cvar,european_call,,delta|price|time_left,liability-offset-excluding-premium-v1,False,3,-0.0257406144424503,0.007235878916844,0.0007997220954564,-0.0701764601593216,-0.0802765776299768,0.0304525295252412,0.03759327672654,0.0370135125886284,0.8038389513108615,0.9927420814832052,0.0467151117821534,0.5,0.3666666666666667,0.1333333333333333,0.6666666666666666,-0.6666666666666666,0.1269697064099212,0.5,0.6666666666666666,,,,,,True,,,True,True,True,True,-0.0113680153510276,-0.0028000767391797,-0.0038580267830409,0.0,0.0144752704848845,-0.0217572031542658,-0.0161707284342911,0.0,-0.0079144160285275,-0.012278117107633,-0.0120764517216075,0.0,-0.0073346518906158,-0.0116983529697213,-0.0114966875836958,0.0,TLT,Deep Hedging,vanilla,,,
proto_source=vanilla_k=50_weighted=0_learnw=0,proto,vanilla,50.0,False,False,cvar,european_call,,delta|price|time_left,liability-offset-excluding-premium-v1,False,3,-0.0071181193792933,0.003189961210337,0.0004971427953103,-0.0488463460778196,-0.0739217523002514,0.0146267460059288,0.0234828325683128,0.0218445754762723,0.5678838951310862,1.0,0.0406815397242705,0.0129915730337078,0.0100421348314606,0.0029494382022471,0.098314606741573,10.666666666666666,0.0613346395399544,0.024032105760151,0.1359773371104815,,-0.0100474059892513,-0.0919094865589782,0.0240675165250236,0.1369216241737488,True,best_screened_proto_mean,validation,True,True,True,True,0.0072544797121293,0.0158224183239772,0.0147644682801161,0.018622495063157,0.0208300958146099,-0.0154023778245404,-0.0098159031045657,0.0063548253297254,0.0061960281296997,0.0018323270505942,0.0020339924366197,0.0141104441582272,0.0078342852217402,0.0034705841426347,0.0036722495286602,0.015168937112356,TLT,ProtoHedge (Validation-Mean),best_screened_proto_mean,liability_offset_mean_avg,validation-only-across-seeds-v1,-0.0100474059892513
proto_source=vanilla_k=10_weighted=1_learnw=0,proto,vanilla,10.0,True,False,cvar,european_call,,delta|price|time_left,liability-offset-excluding-premium-v1,False,3,-0.0158867048292599,0.0023228954382031,0.0002932738007269,-0.0415242177123824,-0.0550880876059333,0.0187086106798846,0.0231721553195216,0.022438919836079,0.8684456928838952,0.9125970204671224,0.0323992427438497,0.0103698501872659,0.0093515917602996,0.0010182584269662,0.0908239700374531,7.0,0.0634159527303311,0.0150495750708215,0.1085930122757318,,-0.0155156117215808,-0.0729247697939475,0.0109537299338999,0.0859301227573182,True,best_screened_proto_cvar05,validation,True,True,True,True,-0.0015141057378372,0.0070538328740106,0.0059958828301494,0.0098539096131904,0.039663760508928,0.0034312868697775,0.0090177615897523,0.0251884900240434,0.0065067053784909,0.0021430042993853,0.0023446696854108,0.0144211214070184,0.0072399408619335,0.0028762397828279,0.0030779051688535,0.0145745927525493,TLT,ProtoHedge (Validation-Tail),best_screened_proto_cvar05,liability_offset_cvar05_avg,validation-only-across-seeds-v1,-0.0729247697939475
unhedged,baseline,,,,,,european_call,,delta|price|time_left,liability-offset-excluding-premium-v1,False,3,-0.0321977121729246,0.0,0.0019864838408037,-0.1183738946914672,-0.1595804525746239,0.0321977121729246,0.0549834203189857,0.0549834203189857,0.5591549295774648,0.0,0.0,0.0,0.0,0.0,0.0,,,,,,,,,,True,,,True,True,True,True,0.0,-0.0008799683341992,-0.0006919542694805,-0.0061201617654856,0.0,-0.0873342349918352,-0.0725655303233199,-0.0330621522195913,0.0,-0.0204746816697513,-0.0179482765122215,-0.0100524540802737,0.0,-0.0204746816697513,-0.0179482765122215,-0.010680679999473,XLE,Unhedged,unhedged,,,
spot_delta,baseline,,,,,,european_call,,delta|price|time_left,liability-offset-excluding-premium-v1,False,3,-0.0313177438387253,0.0,0.0002100519640131,-0.0578052239492535,-0.0722462175827887,0.0313177438387253,0.0345087386492344,0.0345087386492344,1.0,0.9988660216331482,0.0447203479707241,0.0,0.0,0.0,0.0,,,,,,,,,,True,,,True,True,True,True,0.0008799683341992,0.0,0.0001880140647187,-0.0052401934312864,0.0873342349918352,0.0,0.0147687046685152,0.0542720827722438,0.0204746816697513,0.0,0.0025264051575297,0.0104222275894775,0.0204746816697513,0.0,0.0025264051575297,0.0097940016702782,XLE,Spot-Delta,spot_delta,,,
spot_delta_band,baseline,,,,,,european_call,,delta|price|time_left,liability-offset-excluding-premium-v1,False,3,-0.031505757903444,0.0,0.0003789890957172,-0.0683415412902832,-0.0870149222513039,0.031505757903444,0.0370351438067642,0.0370351438067642,1.0,0.8488659858703613,0.019423097372055,0.0,0.0,0.0,0.0,,,,,0.15,,,,,True,,,True,True,True,True,0.0006919542694805,-0.0001880140647187,0.0,-0.0054282074960051,0.0725655303233199,-0.0147687046685152,0.0,0.0395033781037286,0.0179482765122215,-0.0025264051575297,0.0,0.0078958224319477,0.0179482765122215,-0.0025264051575297,0.0,0.0072675965127484,XLE,Spot-Delta Band,spot_delta_band,,,
vanilla,vanilla,,,,,cvar,european_call,,delta|price|time_left,liability-offset-excluding-premium-v1,False,3,-0.0260775504074389,0.0027501561910693,0.0013337540434108,-0.0946785576641559,-0.1265183003550326,0.0319501178812163,0.044930966238712,0.0443027403195126,0.743192488262911,0.9946780999501548,0.046712310363849,0.5499999999999999,0.2833333333333333,0.2666666666666666,0.6666666666666666,-0.3333333333333333,0.2090302404289444,0.5502213541666666,0.6755208333333332,,,,,,True,,,False,True,False,True,0.0061201617654856,0.0052401934312864,0.0054282074960051,0.0,0.0330621522195913,-0.0542720827722438,-0.0395033781037286,0.0,0.0100524540802737,-0.0104222275894775,-0.0078958224319477,0.0,0.010680679999473,-0.0097940016702782,-0.0072675965127484,0.0,XLE,Deep Hedging,vanilla,,,
proto_source=spot_delta_k=10_weighted=0_learnw=0,proto,spot_delta,10.0,False,False,cvar,european_call,,delta|price|time_left,liability-offset-excluding-premium-v1,False,3,-0.0262829717785117,0.0012213074096932,0.001196842039707,-0.0681279400363564,-0.1278184701654094,0.0296090543373682,0.0429877325028933,0.0423459266186281,0.9009389671361502,1.0,0.0799621865153312,0.0441901408450704,0.0394014084507042,0.0047887323943661,0.2755868544600939,297.3333333333333,0.1574343674530585,0.0771744791666666,0.3999999999999999,,-0.0296567619169157,-0.2262390026977906,0.0504036458333333,0.2869791666666667,True,best_screened_proto_mean,validation,True,True,True,True,0.0059147403944128,0.0050347720602135,0.0052227861249323,-0.0002054213710728,0.0317619824092145,-0.0555722525826206,-0.0408035479141054,-0.0013001698103768,0.0119956878160924,-0.0084789938536588,-0.005952588696129,0.0019432337358187,0.0126374937003575,-0.0078371879693937,-0.0053107828118639,0.0019568137008845,XLE,ProtoHedge (Validation-Mean),best_screened_proto_mean,liability_offset_mean_avg,validation-only-across-seeds-v1,-0.0296567619169157
proto_source=spot_delta_k=10_weighted=1_learnw=0,proto,spot_delta,10.0,True,False,cvar,european_call,,delta|price|time_left,liability-offset-excluding-premium-v1,False,3,-0.0276563853761367,0.0026158938747275,0.0009275257416619,-0.0765488858024279,-0.1191740281603954,0.0296120048543775,0.0410302315937356,0.0407438445525198,0.907511737089202,0.8712878823280334,0.0687867850065231,0.0174413145539906,0.0165492957746478,0.0008920187793427,0.2061032863849765,500.3333333333333,0.1549046692922711,0.0440625,0.3244791666666666,,-0.0309765449897288,-0.1856939476759483,0.0215885416666666,0.2177083333333333,True,best_screened_proto_cvar05,validation,True,True,True,True,0.0045413267967879,0.0036613584625886,0.0038493725273073,-0.0015788349686977,0.0404064244142284,-0.0469278105776067,-0.0321591059090914,0.0073442721946371,0.0139531887252501,-0.0065214929445011,-0.0039950877869713,0.0039007346449764,0.0142395757664659,-0.0062351059032853,-0.0037087007457555,0.0035588957669928,XLE,ProtoHedge (Validation-Tail),best_screened_proto_cvar05,liability_offset_cvar05_avg,validation-only-across-seeds-v1,-0.1856939476759483
unhedged,baseline,,,,,,european_call,,delta|price|time_left,liability-offset-excluding-premium-v1,False,3,-0.0260654532317574,0.0,0.0009242951685187,-0.0876378297805786,-0.1056587398052215,0.0260654532317574,0.0400462610076852,0.0400462610076852,0.5943262411347517,0.0,0.0,0.0,0.0,0.0,0.0,,,,,,,,,,True,,,True,True,True,True,0.0,-0.0005694148200068,0.0003685125693161,-0.0036307355957314,0.0,-0.0368840783420536,-0.0321470257929629,0.0017723597034259,0.0,-0.0106453623342519,-0.0088879846832841,0.0001441325354676,0.0,-0.0106453623342519,-0.0088879846832841,-0.0008570451589471,XLF,Unhedged,unhedged,,,
spot_delta,baseline,,,,,,european_call,,delta|price|time_left,liability-offset-excluding-premium-v1,False,3,-0.0254960384117505,0.0,0.000214364868112,-0.0539813317358493,-0.0687746614631679,0.0254960384117505,0.0294008986734333,0.0294008986734333,1.0,0.9986889958381652,0.0423686057329177,0.0,0.0,0.0,0.0,,,,,,,,,,True,,,True,True,True,True,0.0005694148200068,0.0,0.0009379273893229,-0.0030613207757246,0.0368840783420536,0.0,0.0047370525490906,0.0386564380454796,0.0106453623342519,0.0,0.0017573776509678,0.0107894948697196,0.0106453623342519,0.0,0.0017573776509678,0.0097883171753048,XLF,Spot-Delta,spot_delta,,,
spot_delta_band,baseline,,,,,,european_call,,delta|price|time_left,liability-offset-excluding-premium-v1,False,3,-0.0264339658010735,0.0,0.0002720836355354,-0.0619825772941112,-0.0735117140122585,0.0264339658010735,0.0311582763244011,0.0311582763244011,1.0,0.8486889600753784,0.019373370334506,0.0,0.0,0.0,0.0,,,,,0.15,,,,,True,,,True,True,True,True,-0.0003685125693161,-0.0009379273893229,0.0,-0.0039992481650476,0.0321470257929629,-0.0047370525490906,0.0,0.0339193854963889,0.0088879846832841,-0.0017573776509678,0.0,0.0090321172187517,0.0088879846832841,-0.0017573776509678,0.0,0.0080309395243369,XLF,Spot-Delta Band,spot_delta_band,,,
vanilla,vanilla,,,,,cvar,european_call,,delta|price|time_left,liability-offset-excluding-premium-v1,False,3,-0.0224347176360259,0.0021686795187388,0.0012022679062363,-0.0869194820523262,-0.1074310995086475,0.029459344467889,0.0401903935431529,0.0391892158487381,0.7546099290780143,0.9933435519536336,0.0467150124410788,0.5,0.3666666666666667,0.1333333333333333,0.6666666666666666,-0.6666666666666666,0.162565237326786,0.5000610948191594,0.66911045943304,,,,,,True,,,True,True,True,True,0.0036307355957314,0.0030613207757246,0.0039992481650476,0.0,-0.0017723597034259,-0.0386564380454796,-0.0339193854963889,0.0,-0.0001441325354676,-0.0107894948697196,-0.0090321172187517,0.0,0.0008570451589471,-0.0097883171753048,-0.0080309395243369,0.0,XLF,Deep Hedging,vanilla,,,
proto_source=vanilla_k=10_weighted=0_learnw=0,proto,vanilla,10.0,False,False,cvar,european_call,,delta|price|time_left,liability-offset-excluding-premium-v1,False,3,-0.0171718206141864,0.0012180620513587,0.0005110962728222,-0.062804087003072,-0.0827103646955004,0.0199008993901605,0.0284068535030618,0.028043582104454,0.831678486997636,1.0,0.0306497775018215,0.0318203309692671,0.0306146572104018,0.0012056737588652,0.2122931442080378,21.333333333333332,0.1044988291625858,0.0256598240469208,0.1480938416422287,,-0.0184414587897205,-0.1177305159824235,0.0195136852394916,0.1608015640273704,True,best_screened_proto_mean,validation,True,True,True,True,0.008893632617571,0.0083242177975641,0.0092621451868871,0.0052628970218395,0.0229483751097211,-0.0139357032323325,-0.0091986506832418,0.0247207348131471,0.0116394075046234,0.0009940451703714,0.0027514228213393,0.011783540040091,0.0120026789032311,0.0013573165689792,0.003114694219947,0.011145633744284,XLF,ProtoHedge (Validation-Mean),best_screened_proto_mean,liability_offset_mean_avg,validation-only-across-seeds-v1,-0.0184414587897205
proto_source=spot_delta_k=50_weighted=1_learnw=0,proto,spot_delta,50.0,True,False,cvar,european_call,,delta|price|time_left,liability-offset-excluding-premium-v1,False,3,-0.0227244293610163,0.0008376647564801,0.000197834420703,-0.0494753889739513,-0.0602793576954691,0.0227767933274142,0.0267333754770194,0.026731500008131,0.9886524822695036,0.945055862267812,0.0228403732180595,0.0012529550827423,0.0012529550827423,0.0,0.0321513002364066,7.666666666666667,0.1019841421325713,2.4437927663734115e-05,0.0004887585532746,,-0.024423044088352,-0.0826275020128204,0.0008553274682306,0.0239491691104594,True,best_screened_proto_cvar05,validation,True,True,True,True,0.003341023870741,0.0027716090507341,0.0037095364400571,-0.0002897117249904,0.0453793821097524,0.0084953037676987,0.0132323563167894,0.0471517418131784,0.0133128855306657,0.0026675231964138,0.0044249008473816,0.0134570180661334,0.0133147609995542,0.0026693986653022,0.0044267763162701,0.012457715840607,XLF,ProtoHedge (Validation-Tail),best_screened_proto_cvar05,liability_offset_cvar05_avg,validation-only-across-seeds-v1,-0.0826275020128204
unhedged,baseline,,,,,,european_call,,delta|price|time_left,liability-offset-excluding-premium-v1,False,3,-0.0322779102339122,0.0,0.0014065729109176,-0.1072777032852172,-0.1268936600003923,0.0322779102339122,0.0494816774168592,0.0494816774168592,0.6398852223816356,0.0,0.0,0.0,0.0,0.0,0.0,,,,,,,,,,True,,,True,True,True,True,0.0,0.0001136246718562,-0.0011541631187671,-0.0105297078037436,0.0,-0.0428761507783617,-0.0454937219619751,-0.0291694001072929,0.0,-0.012753886728246,-0.0137952961836704,-0.0114673882024813,0.0,-0.012753886728246,-0.0137952961836704,-0.0121753217487904,XLK,Unhedged,unhedged,,,
spot_delta,baseline,,,,,,european_call,,delta|price|time_left,liability-offset-excluding-premium-v1,False,3,-0.0323915349057684,0.0,0.0002997190753149,-0.0634098783135414,-0.0840175092220306,0.0323915349057684,0.0367277906886132,0.0367277906886132,1.0,0.9999819993972778,0.0463619045913219,3.586800573888092e-05,3.586800573888092e-05,0.0,0.0014347202295552,,,,,,,,,,True,,,True,True,True,True,-0.0001136246718562,0.0,-0.0012677877906234,-0.0106433324755999,0.0428761507783617,0.0,-0.0026175711836133,0.0137067506710688,0.012753886728246,0.0,-0.0010414094554243,0.0012864985257647,0.012753886728246,0.0,-0.0010414094554243,0.0005785649794556,XLK,Spot-Delta,spot_delta,,,
spot_delta_band,baseline,,,,,,european_call,,delta|price|time_left,liability-offset-excluding-premium-v1,False,3,-0.031123747115145,0.0,0.0003048301710329,-0.0639550060033798,-0.0813999380384172,0.031123747115145,0.0356863812331888,0.0356863812331888,1.0,0.8999819755554199,0.0240271594375371,0.0,0.0,0.0,0.0,,,,,0.1,,,,,True,,,True,True,True,True,0.0011541631187671,0.0012677877906234,0.0,-0.0093755446849764,0.0454937219619751,0.0026175711836133,0.0,0.0163243218546821,0.0137952961836704,0.0010414094554243,0.0,0.002327907981189,0.0137952961836704,0.0010414094554243,0.0,0.0016199744348799,XLK,Spot-Delta Band,spot_delta_band,,,
vanilla,vanilla,,,,,cvar,european_call,,delta|price|time_left,liability-offset-excluding-premium-v1,False,3,-0.0217482024301685,0.004768619633856,0.0009673227603304,-0.0812313258647918,-0.0977242598930994,0.0275111226483,0.0380142892143779,0.0373063556680688,0.7092300334768055,0.9937360882759094,0.0434679239988327,0.4345887135341941,0.3166666666666666,0.1179220468675275,0.6666666666666666,74.66666666666667,0.1677001737496699,0.4345169775227164,0.6676231468197035,,,,,,True,,,True,True,True,True,0.0105297078037436,0.0106433324755999,0.0093755446849764,0.0,0.0291694001072929,-0.0137067506710688,-0.0163243218546821,0.0,0.0114673882024813,-0.0012864985257647,-0.002327907981189,0.0,0.0121753217487904,-0.0005785649794556,-0.0016199744348799,0.0,XLK,Deep Hedging,vanilla,,,
proto_source=vanilla_k=100_weighted=0_learnw=0,proto,vanilla,100.0,False,False,cvar,european_call,,delta|price|time_left,liability-offset-excluding-premium-v1,False,3,-0.0167894174058058,0.0058038849167519,0.0010084644407901,-0.0707202201088269,-0.1081565128905432,0.0240997961397286,0.0361766641912723,0.0345225593766927,0.7431850789096126,1.00000003973643,0.0631160760919253,0.0902199904351984,0.0825442372070779,0.0076757532281205,0.5930176948828313,367.6666666666667,0.1311450421434948,0.0533596365375418,0.4677187948350072,,-0.017829488076565,-0.1146762468275569,0.0958153993304638,0.5734098517455762,True,best_screened_proto_mean,validation,True,True,True,True,0.0154884928281063,0.0156021174999626,0.0143343297093391,0.0049587850243626,0.0187371471098491,-0.0241390036685126,-0.0267565748521259,-0.0104322529974437,0.0133050132255869,0.0005511264973408,-0.0004902829580835,0.0018376250231055,0.0149591180401665,0.0022052313119204,0.0011638218564961,0.0027837962913761,XLK,ProtoHedge (Validation-Mean),best_screened_proto_mean,liability_offset_mean_avg,validation-only-across-seeds-v1,-0.017829488076565
proto_source=vanilla_k=25_weighted=0_learnw=0,proto,vanilla,25.0,False,False,cvar,european_call,,delta|price|time_left,liability-offset-excluding-premium-v1,False,3,-0.0182018523412062,0.0049075297808794,0.0006843940181082,-0.062662169833978,-0.0823968566244556,0.0240392245959314,0.0319722151630064,0.0308214793115813,0.7914873266379723,1.0,0.0523930011938015,0.0266140602582496,0.0254662840746054,0.0011477761836441,0.3108560497369679,201.66666666666663,0.1326344675261666,0.0431252989000478,0.3806791009086561,,-0.0189169979406111,-0.0921243982300871,0.0229555236728837,0.2553802008608321,True,best_screened_proto_cvar05,validation,True,True,True,True,0.0140760578927059,0.0141896825645622,0.0129218947739387,0.0035463500889622,0.0444968033759366,0.0016206525975749,-0.0009969185860384,0.0153274032686437,0.0175094622538528,0.0047555755256067,0.0037141660701824,0.0060420740513715,0.0186601981052779,0.0059063113770318,0.0048649019216075,0.0064848763564874,XLK,ProtoHedge (Validation-Tail),best_screened_proto_cvar05,liability_offset_cvar05_avg,validation-only-across-seeds-v1,-0.0921243982300871
unhedged,baseline,,,,,,european_call,,delta|price|time_left,liability-offset-excluding-premium-v1,False,3,-0.0166917558978585,0.0,0.0005112840447373,-0.063430231809616,-0.0745028502800885,0.0166917558978585,0.0281051376031322,0.0281051376031322,0.4823529411764706,0.0,0.0,0.0,0.0,0.0,0.0,,,,,,,,,,True,,,True,True,True,True,0.0,0.0019901127194958,0.001556832248838,-0.0024319226461218,0.0,-0.0273586088681922,-0.027669742484303,-0.0107799610670875,0.0,-0.0071887848249313,-0.0073469570394872,-0.0040416569682774,0.0,-0.0071887848249313,-0.0073469570394872,-0.0044970559931016,XLV,Unhedged,unhedged,,,
spot_delta,baseline,,,,,,european_call,,delta|price|time_left,liability-offset-excluding-premium-v1,False,3,-0.0186818686173543,0.0,8.848159850606095e-05,-0.0364762471988797,-0.0471442414118963,0.0186818686173543,0.0209163527782008,0.0209163527782008,1.0,0.9995700120925904,0.0448861233890056,0.0,0.0,0.0,0.0,,,,,,,,,,True,,,True,True,True,True,-0.0019901127194958,0.0,-0.0004332804706577,-0.0044220353656176,0.0273586088681922,0.0,-0.0003111336161108,0.0165786478011047,0.0071887848249313,0.0,-0.0001581722145558,0.0031471278566538,0.0071887848249313,0.0,-0.0001581722145558,0.0026917288318297,XLV,Spot-Delta,spot_delta,,,
spot_delta_band,baseline,,,,,,european_call,,delta|price|time_left,liability-offset-excluding-premium-v1,False,3,-0.0182485881466966,0.0,9.78910909651332e-05,-0.03820421397686,-0.0468331077957854,0.0182485881466966,0.020758180563645,0.020758180563645,1.0,0.8995699882507324,0.0230576545000076,0.0,0.0,0.0,0.0,,,,,0.1,,,,,True,,,True,True,True,True,-0.001556832248838,0.0004332804706577,0.0,-0.0039887548949599,0.027669742484303,0.0003111336161108,0.0,0.0168897814172155,0.0073469570394872,0.0001581722145558,0.0,0.0033053000712097,0.0073469570394872,0.0001581722145558,0.0,0.0028499010463855,XLV,Spot-Delta Band,spot_delta_band,,,
vanilla,vanilla,,,,,cvar,european_call,,delta|price|time_left,liability-offset-excluding-premium-v1,False,3,-0.0142598332517367,0.0040725824313552,0.0003673734659575,-0.0493373274803161,-0.063722889213001,0.0168820503902537,0.0240634806348547,0.0236080816100306,0.7480392156862745,0.9928829868634542,0.0407186107089122,0.2624754901960784,0.2591789215686275,0.0032965686274509,0.6602941176470588,260.6666666666667,0.1034781260097332,0.2297496318114874,0.6283750613647521,,,,,,True,,,True,True,True,True,0.0024319226461218,0.0044220353656176,0.0039887548949599,0.0,0.0107799610670875,-0.0165786478011047,-0.0168897814172155,0.0,0.0040416569682774,-0.0031471278566538,-0.0033053000712097,0.0,0.0044970559931016,-0.0026917288318297,-0.0028499010463855,0.0,XLV,Deep Hedging,vanilla,,,
proto_source=vanilla_k=50_weighted=0_learnw=0,proto,vanilla,50.0,False,False,cvar,european_call,,delta|price|time_left,liability-offset-excluding-premium-v1,False,3,-0.0124312918132893,0.0021072998796837,0.000275330321372,-0.0378387494323154,-0.0558971820545255,0.0153554981883002,0.0205760195125567,0.0197857216079411,0.8338235294117647,1.0,0.0490733211239179,0.0603431372549019,0.059375,0.0009681372549019,0.4259803921568627,170.0,0.0818042444073351,0.0452503681885125,0.3284241531664212,,-0.0153132712839525,-0.1179437633311631,0.0686917034855179,0.4928816887579774,True,best_screened_proto_mean,validation,True,True,True,True,0.0042604640845692,0.006250576804065,0.0058172963334072,0.0018285414384473,0.018605668225563,-0.0087529406426292,-0.00906407425874,0.0078257071584755,0.0075291180905754,0.0003403332656441,0.0001821610510882,0.003487461122298,0.0083194159951911,0.0011306311702597,0.0009724589557038,0.0038223600020894,XLV,ProtoHedge (Validation-Mean),best_screened_proto_mean,liability_offset_mean_avg,validation-only-across-seeds-v1,-0.0153132712839525
proto_source=spot_delta_k=10_weighted=1_learnw=0,proto,spot_delta,10.0,True,False,cvar,european_call,,delta|price|time_left,liability-offset-excluding-premium-v1,False,3,-0.0169301118673448,0.0008448110624784,0.0002368542306142,-0.0474667752782503,-0.0597785529406631,0.0172809560228807,0.022838528863814,0.0228212718842637,0.9416666666666668,0.7128694852193197,0.0226160020877917,0.0003676470588235,0.0003676470588235,0.0,0.009313725490196,5.666666666666667,0.0821590545305833,0.0003313696612665,0.0098183603338242,,-0.0207349803620554,-0.0993106061702265,0.0006381934216985,0.0147275405007363,True,best_screened_proto_cvar05,validation,True,True,True,True,-0.0002383559694862,0.0017517567500095,0.0013184762793517,-0.0026702786156081,0.0147242973394253,-0.0126343115287668,-0.0129454451448777,0.0039443362723378,0.0052666087393181,-0.0019221760856131,-0.002080348300169,0.0012249517710407,0.0052838657188684,-0.0019049191060628,-0.0020630913206187,0.0007868097257668,XLV,ProtoHedge (Validation-Tail),best_screened_proto_cvar05,liability_offset_cvar05_avg,validation-only-across-seeds-v1,-0.0993106061702265
