model,split,seed,model_family,gains_mean,gains_std,gains_p01,gains_p05,gains_cvar05,gains_p50,gains_p95,shortfall_prob,payoff_mean,pnl_mean,cost_mean,action_abs_mean,action_abs_max,delta_abs_mean,delta_abs_max,pct_at_any_position_bound,pct_at_upper_position_bound,pct_at_lower_position_bound,pct_paths_touch_any_position_bound,selected_band,baseline_selection_metric,risk_measure,artifact_dir,selected_epoch,selected_score,selection_metric,selected_val_action_abs_mean,selected_val_delta_abs_mean,selected_val_pct_at_any_position_bound,selected_val_pct_paths_touch_any_position_bound,n_paths,n_steps,n_inst,prototype_source,n_prototypes,weighted_similarity,learn_distance_feature_weights,proto_action_norm_mean,proto_action_norm_max
unhedged,train,1234,baseline,-0.02437899261713028,0.0326961874961853,-0.1333564668893814,-0.09242570400238037,-0.11856567859649658,-0.01033926010131836,-0.0,0.585901224145209,-0.02437899261713028,0.0,0.0,0.0,0.0,0.0,0.0,0.0,0.0,0.0,0.0,,,,,,,,,,,,,,,,,,,,
spot_delta,train,1234,baseline,-0.02439028024673462,0.03192264586687088,-0.13047455251216888,-0.09062395244836807,-0.11539239436388016,-0.013182871043682098,0.005443970672786236,0.7969607429295061,-0.02437899261713028,0.00014331475540529937,0.00015460261784028262,0.019285017624497414,0.584227979183197,0.2583058476448059,0.5917689800262451,0.0,0.0,0.0,0.0,,,,,,,,,,,,,,,,,,,,
spot_delta_band,train,1234,baseline,-0.024325378239154816,0.031823091208934784,-0.13141347467899323,-0.09030923247337341,-0.11524704843759537,-0.012845560908317566,0.004819994792342186,0.7986492190797805,-0.02437899261713028,0.00015142957272473723,9.781585686141625e-05,0.01222640834748745,0.5342279672622681,0.24150705337524414,0.5417689681053162,0.0,0.0,0.0,0.0,0.05,gains_mean,,,,,,,,,,,,,,,,,,
unhedged,val,1234,baseline,-0.02649381011724472,0.03641517087817192,-0.1440446823835373,-0.0921141728758812,-0.13208924233913422,-0.01181340217590332,-0.0,0.6074950690335306,-0.02649381011724472,0.0,0.0,0.0,0.0,0.0,0.0,0.0,0.0,0.0,0.0,,,,,,,,,,,,,,,,,,,,
spot_delta,val,1234,baseline,-0.02637564018368721,0.035432636737823486,-0.1415252387523651,-0.0894809365272522,-0.12769566476345062,-0.013527323491871357,0.005680634640157223,0.7790927021696252,-0.02649381011724472,0.00027617390151135623,0.00015800524852238595,0.019686028361320496,0.5756049752235413,0.25847128033638,0.5868099927902222,0.0,0.0,0.0,0.0,,,,,,,,,,,,,,,,,,,,
spot_delta_band,val,1234,baseline,-0.026282500475645065,0.03535647317767143,-0.14228910207748413,-0.08941277861595154,-0.1275378167629242,-0.013214707374572754,0.005110753700137138,0.7869822485207101,-0.02649381011724472,0.00030943017918616533,9.811861673370004e-05,0.012262934818863869,0.5256049633026123,0.24209986627101898,0.5368099808692932,0.0,0.0,0.0,0.0,0.05,gains_mean,,,,,,,,,,,,,,,,,,
unhedged,test,1234,baseline,-0.027852093800902367,0.03413837403059006,-0.13462762534618378,-0.0975685864686966,-0.12290962040424347,-0.016820669174194336,-0.0,0.630648330058939,-0.027852093800902367,0.0,0.0,0.0,0.0,0.0,0.0,0.0,0.0,0.0,0.0,,,,,,,,,,,,,,,,,,,,
spot_delta,test,1234,baseline,-0.027853598818182945,0.03420223295688629,-0.13961808383464813,-0.09291243553161621,-0.1252089887857437,-0.016879485920071602,0.005206029862165451,0.8192534381139489,-0.027852093800902367,0.0001533257745904848,0.000154830064275302,0.019294098019599915,0.5942999720573425,0.2585732936859131,0.5942999720573425,0.0,0.0,0.0,0.0,,,,,,,,,,,,,,,,,,,,
spot_delta_band,test,1234,baseline,-0.027775710448622704,0.03407963365316391,-0.1382947713136673,-0.09223946928977966,-0.12458308041095734,-0.01694580167531967,0.004576604813337326,0.8212180746561886,-0.027852093800902367,0.0001743095926940441,9.792581113288179e-05,0.01223902776837349,0.5442999601364136,0.24178478121757507,0.5442999601364136,0.0,0.0,0.0,0.0,0.05,gains_mean,,,,,,,,,,,,,,,,,,
vanilla,train,1234,vanilla,-0.02417626604437828,0.030453568324446678,-0.12684868276119232,-0.0872715413570404,-0.11285863071680069,-0.010795410722494125,0.0006072057294659317,0.908400168847615,-0.02437899261713028,0.00041095894994214177,0.0002082324936054647,0.025080112740397453,0.16845464706420898,0.26801034808158875,1.0,0.12279442802870409,0.12279442802870409,0.0,1.0,,,cvar,/Users/yaniszaim/deephedging/.deephedging_real_runs/new_data_panel/IWM_frontier_800_step_robust/model_artifacts/seed_1234/risk_cvar/vanilla,585.0,0.10370803785394633,val_loss,0.023166894912719727,0.17512691020965576,0.0008875739644970414,0.03353057199211045,2369.0,20.0,2.0,,,,,,
vanilla,val,1234,vanilla,-0.02619977667927742,0.03390074521303177,-0.1372387558221817,-0.08782516419887543,-0.12521421909332275,-0.012691008858382702,0.0004655701923184097,0.9211045364891519,-0.02649381011724472,0.0005026906146667898,0.00020865778787992895,0.025079866871237755,0.1523725986480713,0.2677004039287567,1.0,0.1222879684418146,0.1222879684418146,0.0,1.0,,,cvar,/Users/yaniszaim/deephedging/.deephedging_real_runs/new_data_panel/IWM_frontier_800_step_robust/model_artifacts/seed_1234/risk_cvar/vanilla,585.0,0.10370803785394633,val_loss,0.023166894912719727,0.17512691020965576,0.0008875739644970414,0.03353057199211045,507.0,20.0,2.0,,,,,,
vanilla,test,1234,vanilla,-0.027319934219121933,0.03174080327153206,-0.12423160672187805,-0.0921097993850708,-0.11646834015846252,-0.016469227150082588,0.00037728124880231917,0.925343811394892,-0.027852093800902367,0.000741193478461355,0.00020903372205793858,0.02507934905588627,0.15160596370697021,0.26761847734451294,1.0,0.12244597249508841,0.12244597249508841,0.0,1.0,,,cvar,/Users/yaniszaim/deephedging/.deephedging_real_runs/new_data_panel/IWM_frontier_800_step_robust/model_artifacts/seed_1234/risk_cvar/vanilla,585.0,0.10370803785394633,val_loss,0.023166894912719727,0.17512691020965576,0.0008875739644970414,0.03353057199211045,509.0,20.0,2.0,,,,,,
proto_source=spot_delta_k=10_weighted=0_learnw=0,train,1234,proto,-0.02396414801478386,0.031472302973270416,-0.12963441014289856,-0.08979178965091705,-0.11402729898691177,-0.009937996044754982,0.0015933859394863248,0.86787674124103,-0.02437899261713028,0.0005656029679812491,0.00015075896226335317,0.01855194754898548,1.012406826019287,0.22197076678276062,1.0,3.165892781764457e-05,0.0,3.165892781764457e-05,0.001266357112705783,,,cvar,/Users/yaniszaim/deephedging/.deephedging_real_runs/new_data_panel/IWM_frontier_800_step_robust/model_artifacts/seed_1234/risk_cvar/proto_source_spot_delta_k_10_weighted_0_learnw_0,335.0,0.10290551103625807,val_loss,0.0169466994702816,0.13626952469348907,0.0001972386587771203,0.005917159763313609,2369.0,20.0,2.0,spot_delta,10.0,False,False,0.36722037196159363,1.0124152898788452
proto_source=spot_delta_k=10_weighted=0_learnw=0,val,1234,proto,-0.02673514001071453,0.037790194153785706,-0.13979050517082214,-0.09210119396448135,-0.13621875643730164,-0.011686635203659534,0.0018119815504178405,0.8402366863905325,-0.02649381011724472,-9.241081716027111e-05,0.00014891885803081095,0.018315238878130913,1.0124067068099976,0.2224649041891098,1.0,9.861932938856015e-05,0.0,9.861932938856015e-05,0.0039447731755424065,,,cvar,/Users/yaniszaim/deephedging/.deephedging_real_runs/new_data_panel/IWM_frontier_800_step_robust/model_artifacts/seed_1234/risk_cvar/proto_source_spot_delta_k_10_weighted_0_learnw_0,335.0,0.10290551103625807,val_loss,0.0169466994702816,0.13626952469348907,0.0001972386587771203,0.005917159763313609,507.0,20.0,2.0,spot_delta,10.0,False,False,0.36722037196159363,1.0124152898788452
proto_source=spot_delta_k=10_weighted=0_learnw=0,test,1234,proto,-0.027445940300822258,0.03339022770524025,-0.1350414901971817,-0.08980716019868851,-0.12339779734611511,-0.01727921888232231,0.0011372648878023028,0.8840864440078585,-0.027852093800902367,0.0005573449889197946,0.0001511929731350392,0.018532907590270042,1.011887788772583,0.22166123986244202,0.825792670249939,0.0,0.0,0.0,0.0,,,cvar,/Users/yaniszaim/deephedging/.deephedging_real_runs/new_data_panel/IWM_frontier_800_step_robust/model_artifacts/seed_1234/risk_cvar/proto_source_spot_delta_k_10_weighted_0_learnw_0,335.0,0.10290551103625807,val_loss,0.0169466994702816,0.13626952469348907,0.0001972386587771203,0.005917159763313609,509.0,20.0,2.0,spot_delta,10.0,False,False,0.36722037196159363,1.0124152898788452
proto_source=spot_delta_k=25_weighted=0_learnw=0,train,1234,proto,-0.024239739403128624,0.030745241791009903,-0.1291636824607849,-0.08978994190692902,-0.11384525150060654,-0.010996326804161072,0.0016656811349093914,0.8860278598564796,-0.02437899261713028,0.00034339475678279996,0.00020414245955180377,0.02455649897456169,0.5815674662590027,0.3150521218776703,0.9781633615493774,0.0,0.0,0.0,0.0,,,cvar,/Users/yaniszaim/deephedging/.deephedging_real_runs/new_data_panel/IWM_frontier_800_step_robust/model_artifacts/seed_1234/risk_cvar/proto_source_spot_delta_k_25_weighted_0_learnw_0,43.0,0.10306763321607644,val_loss,0.019190864637494087,0.1310119926929474,0.00014792899408284024,0.0039447731755424065,2369.0,20.0,2.0,spot_delta,25.0,False,False,0.13816365599632263,0.582277774810791
proto_source=spot_delta_k=25_weighted=0_learnw=0,val,1234,proto,-0.026467690244317055,0.03580789268016815,-0.13943329453468323,-0.08989941328763962,-0.13064980506896973,-0.012906269170343876,0.002297500381246209,0.8658777120315582,-0.02649381011724472,0.00023003181559033692,0.0002039096871158108,0.024545714259147644,0.5816375613212585,0.31132325530052185,0.9802500605583191,0.0,0.0,0.0,0.0,,,cvar,/Users/yaniszaim/deephedging/.deephedging_real_runs/new_data_panel/IWM_frontier_800_step_robust/model_artifacts/seed_1234/risk_cvar/proto_source_spot_delta_k_25_weighted_0_learnw_0,43.0,0.10306763321607644,val_loss,0.019190864637494087,0.1310119926929474,0.00014792899408284024,0.0039447731755424065,507.0,20.0,2.0,spot_delta,25.0,False,False,0.13816365599632263,0.582277774810791
proto_source=spot_delta_k=25_weighted=0_learnw=0,test,1234,proto,-0.027215374633669853,0.032238349318504333,-0.13614089787006378,-0.09112411737442017,-0.1202724352478981,-0.01628919690847397,0.0017361659556627274,0.8742632612966601,-0.027852093800902367,0.0008408968569710851,0.00020417799532879144,0.024556990712881088,0.577353298664093,0.3114866018295288,0.9840660095214844,0.0,0.0,0.0,0.0,,,cvar,/Users/yaniszaim/deephedging/.deephedging_real_runs/new_data_panel/IWM_frontier_800_step_robust/model_artifacts/seed_1234/risk_cvar/proto_source_spot_delta_k_25_weighted_0_learnw_0,43.0,0.10306763321607644,val_loss,0.019190864637494087,0.1310119926929474,0.00014792899408284024,0.0039447731755424065,509.0,20.0,2.0,spot_delta,25.0,False,False,0.13816365599632263,0.582277774810791
unhedged,train,2345,baseline,-0.024934401735663414,0.03309280052781105,-0.13367144763469696,-0.0927136167883873,-0.11936706304550171,-0.011387348175048828,-0.0,0.5960320810468552,-0.024934401735663414,0.0,0.0,0.0,0.0,0.0,0.0,0.0,0.0,0.0,0.0,,,,,,,,,,,,,,,,,,,,
spot_delta,train,2345,baseline,-0.02494947984814644,0.03236675634980202,-0.12976284325122833,-0.09044160693883896,-0.11655633896589279,-0.013954713940620422,0.005443970672786236,0.801181933305192,-0.024934401735663414,0.00014014999032951891,0.00015522688045166433,0.019358066841959953,0.584227979183197,0.25831282138824463,0.5917689800262451,0.0,0.0,0.0,0.0,,,,,,,,,,,,,,,,,,,,
spot_delta_band,train,2345,baseline,-0.024875672534108162,0.032290343195199966,-0.13016240298748016,-0.08988335728645325,-0.1164320781826973,-0.0136184711009264,0.004801906645298004,0.8049810046433095,-0.024934401735663414,0.00015660027565900236,9.787022281670943e-05,0.012232944369316101,0.5342279672622681,0.24165412783622742,0.5417689681053162,0.0,0.0,0.0,0.0,0.05,gains_mean,,,,,,,,,,,,,,,,,,
unhedged,val,2345,baseline,-0.024727897718548775,0.03310267999768257,-0.13252945244312286,-0.09049560874700546,-0.12069720774888992,-0.010361433029174805,-0.0,0.5838264299802761,-0.024727897718548775,0.0,0.0,0.0,0.0,0.0,0.0,0.0,0.0,0.0,0.0,,,,,,,,,,,,,,,,,,,,
spot_delta,val,2345,baseline,-0.024518242105841637,0.032376207411289215,-0.13958679139614105,-0.08581160008907318,-0.11767254769802094,-0.01354660652577877,0.005264726933091879,0.7810650887573964,-0.024727897718548775,0.0003645703545771539,0.0001549137377878651,0.01931527629494667,0.5942999720573425,0.25856995582580566,0.5942999720573425,0.0,0.0,0.0,0.0,,,,,,,,,,,,,,,,,,,,
spot_delta_band,val,2345,baseline,-0.024425137788057327,0.032194286584854126,-0.14058388769626617,-0.0855662003159523,-0.11745239794254303,-0.013535800389945507,0.004889381118118763,0.7830374753451677,-0.024727897718548775,0.0004007570678368211,9.7994867246598e-05,0.012247061356902122,0.5442999601364136,0.24172967672348022,0.5442999601364136,0.0,0.0,0.0,0.0,0.05,gains_mean,,,,,,,,,,,,,,,,,,
unhedged,test,2345,baseline,-0.027026062831282616,0.0357954278588295,-0.14942120015621185,-0.09910538047552109,-0.13074225187301636,-0.012098431587219238,-0.0,0.6070726915520629,-0.027026062831282616,0.0,0.0,0.0,0.0,0.0,0.0,0.0,0.0,0.0,0.0,,,,,,,,,,,,,,,,,,,,
spot_delta,test,2345,baseline,-0.02710106037557125,0.035361651331186295,-0.14095528423786163,-0.09834658354520798,-0.12823428213596344,-0.014117896556854248,0.005519025027751923,0.7976424361493124,-0.027026062831282616,8.000622619874775e-05,0.00015500395966228098,0.019323397427797318,0.5744969844818115,0.25844255089759827,0.5917689800262451,0.0,0.0,0.0,0.0,,,,,,,,,,,,,,,,,,,,
spot_delta_band,test,2345,baseline,-0.02706458419561386,0.035235803574323654,-0.1395685374736786,-0.0982237458229065,-0.12759073078632355,-0.014073961414396763,0.004814244341105223,0.7956777996070727,-0.027026062831282616,5.927598976995796e-05,9.779603715287521e-05,0.0122244106605649,0.5244969725608826,0.24146923422813416,0.5417689681053162,0.0,0.0,0.0,0.0,0.05,gains_mean,,,,,,,,,,,,,,,,,,
vanilla,train,2345,vanilla,-0.02466077357530594,0.030783141031861305,-0.12753823399543762,-0.08818358927965164,-0.1134009063243866,-0.011546820402145386,0.0002453154884278774,0.9311945968763191,-0.024934401735663414,0.0004784167686011642,0.00020478644000831991,0.025043250992894173,0.1053093671798706,0.2807692289352417,1.0,0.11232587589700295,0.11232587589700295,0.0,1.0,,,cvar,/Users/yaniszaim/deephedging/.deephedging_real_runs/new_data_panel/IWM_frontier_800_step_robust/model_artifacts/seed_2345/risk_cvar/vanilla,372.0,0.09733633296092131,val_loss,0.02284589223563671,0.18385352194309235,4.930966469428008e-05,0.0019723865877712033,2369.0,20.0,2.0,,,,,,
vanilla,val,2345,vanilla,-0.024572134017944336,0.03078567609190941,-0.12396405637264252,-0.08470889180898666,-0.11490783095359802,-0.011511899530887604,0.00025903413188643754,0.9289940828402367,-0.024727897718548775,0.000360564241418615,0.0002047976740868762,0.025043241679668427,0.10273152589797974,0.280615895986557,1.0,0.11193293885601578,0.11193293885601578,0.0,1.0,,,cvar,/Users/yaniszaim/deephedging/.deephedging_real_runs/new_data_panel/IWM_frontier_800_step_robust/model_artifacts/seed_2345/risk_cvar/vanilla,372.0,0.09733633296092131,val_loss,0.02284589223563671,0.18385352194309235,4.930966469428008e-05,0.0019723865877712033,507.0,20.0,2.0,,,,,,
vanilla,test,2345,vanilla,-0.026684962213039398,0.033346693962812424,-0.1435735821723938,-0.09322866052389145,-0.12419264763593674,-0.012497399002313614,7.683872354391497e-06,0.9489194499017681,-0.027026062831282616,0.0005462529952637851,0.00020515226060524583,0.025042561814188957,0.0997399091720581,0.28046372532844543,1.0,0.1112966601178782,0.1112966601178782,0.0,1.0,,,cvar,/Users/yaniszaim/deephedging/.deephedging_real_runs/new_data_panel/IWM_frontier_800_step_robust/model_artifacts/seed_2345/risk_cvar/vanilla,372.0,0.09733633296092131,val_loss,0.02284589223563671,0.18385352194309235,4.930966469428008e-05,0.0019723865877712033,509.0,20.0,2.0,,,,,,
proto_source=spot_delta_k=10_weighted=0_learnw=0,train,2345,proto,-0.02486514113843441,0.030742598697543144,-0.1280670017004013,-0.08829954266548157,-0.1129475012421608,-0.011998604983091354,0.0011273823911324143,0.8986914309835373,-0.024934401735663414,0.0002633040421642363,0.00019404248450882733,0.02383085899055004,0.18077412247657776,0.360331654548645,1.0,0.009170536091177713,0.009170536091177713,0.0,0.18953144786829887,,,cvar,/Users/yaniszaim/deephedging/.deephedging_real_runs/new_data_panel/IWM_frontier_800_step_robust/model_artifacts/seed_2345/risk_cvar/proto_source_spot_delta_k_10_weighted_0_learnw_0,19.0,0.09641152688748474,val_loss,0.02222168818116188,0.1322358101606369,0.00014792899408284024,0.0039447731755424065,2369.0,20.0,2.0,spot_delta,10.0,False,False,0.07680780440568924,0.18088364601135254
proto_source=spot_delta_k=10_weighted=0_learnw=0,val,2345,proto,-0.02452739328145981,0.03096885234117508,-0.12745307385921478,-0.08361968398094177,-0.11525034159421921,-0.012560582719743252,0.001552371308207512,0.873767258382643,-0.024727897718548775,0.0003961476031690836,0.00019564259855542332,0.023982983082532883,0.18008901178836823,0.35849350690841675,1.0,0.008875739644970414,0.008875739644970414,0.0,0.1932938856015779,,,cvar,/Users/yaniszaim/deephedging/.deephedging_real_runs/new_data_panel/IWM_frontier_800_step_robust/model_artifacts/seed_2345/risk_cvar/proto_source_spot_delta_k_10_weighted_0_learnw_0,19.0,0.09641152688748474,val_loss,0.02222168818116188,0.1322358101606369,0.00014792899408284024,0.0039447731755424065,507.0,20.0,2.0,spot_delta,10.0,False,False,0.07680780440568924,0.18088364601135254
proto_source=spot_delta_k=10_weighted=0_learnw=0,test,2345,proto,-0.02669820748269558,0.033109650015830994,-0.1300739049911499,-0.09275178611278534,-0.12191818654537201,-0.011886288411915302,0.0010861509945243597,0.9135559921414538,-0.027026062831282616,0.00052101124310866,0.00019315775716677308,0.0236656591296196,0.17999379336833954,0.35605886578559875,1.0,0.0063850687622789785,0.0063850687622789785,0.0,0.13555992141453832,,,cvar,/Users/yaniszaim/deephedging/.deephedging_real_runs/new_data_panel/IWM_frontier_800_step_robust/model_artifacts/seed_2345/risk_cvar/proto_source_spot_delta_k_10_weighted_0_learnw_0,19.0,0.09641152688748474,val_loss,0.02222168818116188,0.1322358101606369,0.00014792899408284024,0.0039447731755424065,509.0,20.0,2.0,spot_delta,10.0,False,False,0.07680780440568924,0.18088364601135254
proto_source=spot_delta_k=25_weighted=0_learnw=0,train,2345,proto,-0.024966495111584663,0.030824895948171616,-0.12809400260448456,-0.08808516710996628,-0.1136171817779541,-0.011430143378674984,-0.0005510417395271361,0.9755170958210215,-0.024934401735663414,0.0003988524549640715,0.0004309455689508468,0.026774270460009575,0.09531652927398682,0.33028990030288696,1.0,0.02766990291262136,0.02766990291262136,0.0,0.5318699873364289,,,cvar,/Users/yaniszaim/deephedging/.deephedging_real_runs/new_data_panel/IWM_frontier_800_step_robust/model_artifacts/seed_2345/risk_cvar/proto_source_spot_delta_k_25_weighted_0_learnw_0,14.0,0.09747376625859629,val_loss,0.023129450157284737,0.16920597851276398,0.0002465483234714004,0.007889546351084813,2369.0,20.0,2.0,spot_delta,25.0,False,False,0.060163501650094986,0.14481908082962036
proto_source=spot_delta_k=25_weighted=0_learnw=0,val,2345,proto,-0.024905232712626457,0.030770763754844666,-0.12651175260543823,-0.0859328880906105,-0.11516056954860687,-0.011337785050272942,-0.00043221854139119387,0.9861932938856016,-0.024727897718548775,0.0002539260021876544,0.0004312598321121186,0.026731278747320175,0.09531650692224503,0.329647421836853,1.0,0.027268244575936882,0.027268244575936882,0.0,0.5207100591715976,,,cvar,/Users/yaniszaim/deephedging/.deephedging_real_runs/new_data_panel/IWM_frontier_800_step_robust/model_artifacts/seed_2345/risk_cvar/proto_source_spot_delta_k_25_weighted_0_learnw_0,14.0,0.09747376625859629,val_loss,0.023129450157284737,0.16920597851276398,0.0002465483234714004,0.007889546351084813,507.0,20.0,2.0,spot_delta,25.0,False,False,0.060163501650094986,0.14481908082962036
proto_source=spot_delta_k=25_weighted=0_learnw=0,test,2345,proto,-0.026916811242699623,0.03326551616191864,-0.14235378801822662,-0.09432472288608551,-0.12394548952579498,-0.012292936444282532,-0.0007272984366863966,0.9862475442043221,-0.027026062831282616,0.0005375732434913516,0.00042832433246076107,0.026643821969628334,0.09531652182340622,0.3297688961029053,1.0,0.024705304518664047,0.024705304518664047,0.0,0.49705304518664045,,,cvar,/Users/yaniszaim/deephedging/.deephedging_real_runs/new_data_panel/IWM_frontier_800_step_robust/model_artifacts/seed_2345/risk_cvar/proto_source_spot_delta_k_25_weighted_0_learnw_0,14.0,0.09747376625859629,val_loss,0.023129450157284737,0.16920597851276398,0.0002465483234714004,0.007889546351084813,509.0,20.0,2.0,spot_delta,25.0,False,False,0.060163501650094986,0.14481908082962036
unhedged,train,3456,baseline,-0.02468717098236084,0.032610468566417694,-0.1293111890554428,-0.09097037464380264,-0.11742214858531952,-0.011303067207336426,-0.0,0.5905445335584635,-0.02468717098236084,0.0,0.0,0.0,0.0,0.0,0.0,0.0,0.0,0.0,0.0,,,,,,,,,,,,,,,,,,,,
spot_delta,train,3456,baseline,-0.024671541526913643,0.031788140535354614,-0.1270717978477478,-0.09035444259643555,-0.1139984056353569,-0.014136883430182934,0.005569263361394405,0.7935837906289573,-0.02468717098236084,0.00017022801330313087,0.00015459784481208771,0.019282249733805656,0.5942999720573425,0.2584984302520752,0.5942999720573425,0.0,0.0,0.0,0.0,,,,,,,,,,,,,,,,,,,,
spot_delta_band,train,3456,baseline,-0.02459847182035446,0.03176681324839592,-0.1279606819152832,-0.08958021551370621,-0.11422163248062134,-0.012944644317030907,0.0038293811958283186,0.8020261713803293,-0.02468717098236084,0.0001663532166276127,7.765399641357362e-05,0.009706588461995125,0.44429996609687805,0.1917475312948227,0.44429996609687805,0.0,0.0,0.0,0.0,0.15,gains_mean,,,,,,,,,,,,,,,,,,
unhedged,val,3456,baseline,-0.02501234970986843,0.03377672657370567,-0.13573871552944183,-0.09314750134944916,-0.1209910660982132,-0.01007688045501709,-0.0,0.5976331360946746,-0.02501234970986843,0.0,0.0,0.0,0.0,0.0,0.0,0.0,0.0,0.0,0.0,,,,,,,,,,,,,,,,,,,,
spot_delta,val,3456,baseline,-0.025122588500380516,0.03343144431710243,-0.1335211843252182,-0.09067078679800034,-0.12013813108205795,-0.012424362823367119,0.00628197705373168,0.7928994082840237,-0.02501234970986843,4.57798050774727e-05,0.0001560204545967281,0.019451605156064034,0.5744969844818115,0.25823140144348145,0.5868099927902222,0.0,0.0,0.0,0.0,,,,,,,,,,,,,,,,,,,,
spot_delta_band,val,3456,baseline,-0.025057684630155563,0.033266615122556686,-0.13401851058006287,-0.09011365473270416,-0.120049849152565,-0.011286215856671333,0.0038700206205248833,0.8007889546351085,-0.02501234970986843,3.234229370718822e-05,7.767800707370043e-05,0.009710283949971199,0.42449697852134705,0.19173085689544678,0.4368099868297577,0.0,0.0,0.0,0.0,0.15,gains_mean,,,,,,,,,,,,,,,,,,
unhedged,test,3456,baseline,-0.027893399819731712,0.03713862597942352,-0.16042615473270416,-0.10372775048017502,-0.13816913962364197,-0.015446782112121582,-0.0,0.618860510805501,-0.027893399819731712,0.0,0.0,0.0,0.0,0.0,0.0,0.0,0.0,0.0,0.0,,,,,,,,,,,,,,,,,,,,
spot_delta,test,3456,baseline,-0.02779267355799675,0.03674761950969696,-0.147898867726326,-0.10000348091125488,-0.1380162090063095,-0.014993873424828053,0.0048234835267066956,0.8212180746561886,-0.027893399819731712,0.00025755437673069537,0.00015682932280469686,0.019540468230843544,0.5765039920806885,0.2579158544540405,0.5868099927902222,0.0,0.0,0.0,0.0,,,,,,,,,,,,,,,,,,,,
spot_delta_band,test,3456,baseline,-0.02781669795513153,0.03662974387407303,-0.15085537731647491,-0.10128778219223022,-0.13742555677890778,-0.015558301471173763,0.0033635383006185293,0.8271119842829077,-0.027893399819731712,0.00015437332331202924,7.766942144371569e-05,0.009708060882985592,0.426503986120224,0.19167231023311615,0.4368099868297577,0.0,0.0,0.0,0.0,0.15,gains_mean,,,,,,,,,,,,,,,,,,
vanilla,train,3456,vanilla,-0.024478532373905182,0.030317947268486023,-0.12310770899057388,-0.0865318551659584,-0.1116834431886673,-0.011329896748065948,-8.765331585891545e-06,0.9506120726044744,-0.02468717098236084,0.000412853027228266,0.00020421396766323596,0.025035936385393143,0.11339712142944336,0.2514059841632843,1.0,0.06862600253271423,0.06862600253271423,0.0,1.0,,,cvar,/Users/yaniszaim/deephedging/.deephedging_real_runs/new_data_panel/IWM_frontier_800_step_robust/model_artifacts/seed_3456/risk_cvar/vanilla,682.0,0.09863077932483787,val_loss,0.02376100793480873,0.20724527537822723,0.00014792899408284024,0.005917159763313609,2369.0,20.0,2.0,,,,,,
vanilla,val,3456,vanilla,-0.024731388315558434,0.031535420566797256,-0.12832915782928467,-0.08841615915298462,-0.11523913592100143,-0.01001009065657854,-3.8743120967410505e-05,0.9526627218934911,-0.02501234970986843,0.00048526099999435246,0.00020430023141670972,0.025035783648490906,0.1019967794418335,0.25141602754592896,1.0,0.06804733727810651,0.06804733727810651,0.0,1.0,,,cvar,/Users/yaniszaim/deephedging/.deephedging_real_runs/new_data_panel/IWM_frontier_800_step_robust/model_artifacts/seed_3456/risk_cvar/vanilla,682.0,0.09863077932483787,val_loss,0.02376100793480873,0.20724527537822723,0.00014792899408284024,0.005917159763313609,507.0,20.0,2.0,,,,,,
vanilla,test,3456,vanilla,-0.027388373389840126,0.03464198112487793,-0.14852085709571838,-0.09682202339172363,-0.13090547919273376,-0.015094316564500332,-4.2960258724633604e-05,0.9548133595284872,-0.027893399819731712,0.0007096639019437134,0.0002046384324785322,0.025036007165908813,0.10806095600128174,0.25129255652427673,1.0,0.06753438113948919,0.06753438113948919,0.0,1.0,,,cvar,/Users/yaniszaim/deephedging/.deephedging_real_runs/new_data_panel/IWM_frontier_800_step_robust/model_artifacts/seed_3456/risk_cvar/vanilla,682.0,0.09863077932483787,val_loss,0.02376100793480873,0.20724527537822723,0.00014792899408284024,0.005917159763313609,509.0,20.0,2.0,,,,,,
proto_source=spot_delta_k=10_weighted=0_learnw=0,train,3456,proto,-0.024574700742959976,0.03150840476155281,-0.13137133419513702,-0.08937030285596848,-0.11549012362957001,-0.0113880829885602,-0.00025514588924124837,0.9995778809624314,-0.02468717098236084,0.00027090427465736866,0.00015843402070458978,0.014294842258095741,0.5602166652679443,0.11039380729198456,0.9387759566307068,0.0,0.0,0.0,0.0,,,cvar,/Users/yaniszaim/deephedging/.deephedging_real_runs/new_data_panel/IWM_frontier_800_step_robust/model_artifacts/seed_3456/risk_cvar/proto_source_spot_delta_k_10_weighted_0_learnw_0,766.0,0.09779501734301448,val_loss,0.018642839044332504,0.10902810096740723,0.0,0.0,2369.0,20.0,2.0,spot_delta,10.0,False,False,0.12128464132547379,0.5602166652679443
proto_source=spot_delta_k=10_weighted=0_learnw=0,val,3456,proto,-0.024805452674627304,0.03227612003684044,-0.13030406832695007,-0.09358539432287216,-0.11722950637340546,-0.01087865885347128,-0.00025133867166005075,1.0,-0.02501234970986843,0.000369818793842569,0.00016292370855808258,0.014692703261971474,0.5602166652679443,0.11073829978704453,1.0,9.861932938856015e-05,9.861932938856015e-05,0.0,0.0019723865877712033,,,cvar,/Users/yaniszaim/deephedging/.deephedging_real_runs/new_data_panel/IWM_frontier_800_step_robust/model_artifacts/seed_3456/risk_cvar/proto_source_spot_delta_k_10_weighted_0_learnw_0,766.0,0.09779501734301448,val_loss,0.018642839044332504,0.10902810096740723,0.0,0.0,507.0,20.0,2.0,spot_delta,10.0,False,False,0.12128464132547379,0.5602166652679443
proto_source=spot_delta_k=10_weighted=0_learnw=0,test,3456,proto,-0.027843499556183815,0.03699741140007973,-0.16075198352336884,-0.1001838967204094,-0.14015673100948334,-0.015249958261847496,-0.0002621625317260623,1.0,-0.027893399819731712,0.00021209698752500117,0.00016219649114646018,0.014657466672360897,0.5602166652679443,0.10992246121168137,0.797144889831543,0.0,0.0,0.0,0.0,,,cvar,/Users/yaniszaim/deephedging/.deephedging_real_runs/new_data_panel/IWM_frontier_800_step_robust/model_artifacts/seed_3456/risk_cvar/proto_source_spot_delta_k_10_weighted_0_learnw_0,766.0,0.09779501734301448,val_loss,0.018642839044332504,0.10902810096740723,0.0,0.0,509.0,20.0,2.0,spot_delta,10.0,False,False,0.12128464132547379,0.5602166652679443
proto_source=spot_delta_k=25_weighted=0_learnw=0,train,3456,proto,-0.0246598944067955,0.03229328617453575,-0.12816953659057617,-0.09023527055978775,-0.11639782041311264,-0.011462143622338772,-9.555790893500671e-05,0.9932460953989025,-0.02468717098236084,7.931762957014143e-05,5.203895489103161e-05,0.003776881145313382,0.13419273495674133,0.03980249911546707,1.0,0.00015829463908822287,0.0,0.00015829463908822287,0.0033769523005487546,,,cvar,/Users/yaniszaim/deephedging/.deephedging_real_runs/new_data_panel/IWM_frontier_800_step_robust/model_artifacts/seed_3456/risk_cvar/proto_source_spot_delta_k_25_weighted_0_learnw_0,24.0,0.09856984522892162,val_loss,0.0035398094914853573,0.03740724176168442,0.0,0.0,2369.0,20.0,2.0,spot_delta,25.0,False,False,0.09801901131868362,0.15562592446804047
proto_source=spot_delta_k=25_weighted=0_learnw=0,val,3456,proto,-0.025088071823120117,0.0334024615585804,-0.13462083041667938,-0.09242334961891174,-0.12005407363176346,-0.010983903892338276,-9.572985436534509e-05,0.9921104536489151,-0.02501234970986843,-2.2912667191121727e-05,5.2811916248174384e-05,0.003740487853065133,0.13419270515441895,0.03983562812209129,1.0,4.930966469428008e-05,0.0,4.930966469428008e-05,0.0019723865877712033,,,cvar,/Users/yaniszaim/deephedging/.deephedging_real_runs/new_data_panel/IWM_frontier_800_step_robust/model_artifacts/seed_3456/risk_cvar/proto_source_spot_delta_k_25_weighted_0_learnw_0,24.0,0.09856984522892162,val_loss,0.0035398094914853573,0.03740724176168442,0.0,0.0,507.0,20.0,2.0,spot_delta,25.0,False,False,0.09801901131868362,0.15562592446804047
proto_source=spot_delta_k=25_weighted=0_learnw=0,test,3456,proto,-0.027849040925502777,0.036814045161008835,-0.1588388830423355,-0.10287147760391235,-0.1371002048254013,-0.015433759428560734,-0.00010447129170643166,0.9941060903732809,-0.027893399819731712,0.0001012402935884893,5.688218152499758e-05,0.0038420844357460737,0.13419270515441895,0.039958223700523376,1.0,0.00019646365422396856,0.0,0.00019646365422396856,0.0019646365422396855,,,cvar,/Users/yaniszaim/deephedging/.deephedging_real_runs/new_data_panel/IWM_frontier_800_step_robust/model_artifacts/seed_3456/risk_cvar/proto_source_spot_delta_k_25_weighted_0_learnw_0,24.0,0.09856984522892162,val_loss,0.0035398094914853573,0.03740724176168442,0.0,0.0,509.0,20.0,2.0,spot_delta,25.0,False,False,0.09801901131868362,0.15562592446804047
