model,split,seed,model_family,gains_mean,gains_std,gains_p01,gains_p05,gains_cvar05,gains_p50,gains_p95,shortfall_prob,payoff_mean,pnl_mean,cost_mean,action_abs_mean,action_abs_max,delta_abs_mean,delta_abs_max,risk_measure,n_paths,n_steps,n_inst,prototype_source,n_prototypes,weighted_similarity,learn_distance_feature_weights,proto_action_norm_mean,proto_action_norm_max
unhedged,train,1234,baseline,-0.023125624284148216,0.027635494247078896,-0.12021538615226746,-0.07188912034034729,-0.10118453204631805,-0.01595771312713623,0.0,0.659217877094972,-0.023125624284148216,0.0,0.0,0.0,0.0,0.0,0.0,,,,,,,,,,
spot_delta,train,1234,baseline,-0.013147932477295399,0.029712297022342682,-0.1028328851610422,-0.06869150400161743,-0.10938308387994766,-0.0005314994195941836,-7.243060535984127e-05,0.9748603351955307,-0.023125624284148216,0.010197523981332779,0.0002198315050918609,0.027481501922011375,0.9999880194664001,0.49689626693725586,0.9999939799308777,,,,,,,,,,
unhedged,val,1234,baseline,-0.02062208577990532,0.02395673096179962,-0.08552512526512146,-0.06843215227127075,-0.0814160704612732,-0.012999176979064941,0.0,0.6842105263157895,-0.02062208577990532,0.0,0.0,0.0,0.0,0.0,0.0,,,,,,,,,,
spot_delta,val,1234,baseline,-0.010797410272061825,0.02058444917201996,-0.08189557678997517,-0.05519390106201172,-0.07473747432231903,-0.00044076345511712134,-5.0196307711303234e-05,0.9473684210526315,-0.02062208577990532,0.01004540640860796,0.0002207333454862237,0.027593402191996574,0.9999790191650391,0.4970494210720062,0.9999880194664001,,,,,,,,,,
unhedged,test,1234,baseline,-0.02270488254725933,0.026112163439393044,-0.11075441479682922,-0.07242743372917175,-0.10389336943626404,-0.017628014087677002,0.0,0.7051282051282052,-0.02270488254725933,0.0,0.0,0.0,0.0,0.0,0.0,,,,,,,,,,
spot_delta,test,1234,baseline,-0.011322270147502422,0.022328970953822136,-0.0883100838214159,-0.050151914916932584,-0.0787423625588417,-0.0005748320545535535,-0.00020492180628934898,0.9871794871794872,-0.02270488254725933,0.01160932332277298,0.0002267111121909693,0.028339900076389313,0.9998610019683838,0.49582168459892273,0.9999880194664001,,,,,,,,,,
vanilla,train,1234,vanilla,0.009450634010136127,0.07814761996269226,-0.19846515774726867,-0.12520630136132238,-0.1964394450187683,0.015634740237146616,0.12375209145247931,0.3659217877094972,-0.023125624284148216,0.03306121379137039,0.00048495459486730397,0.05457628518342972,0.4663088023662567,0.9605746865272522,2.0,cvar,358.0,20.0,2.0,,,,,,
vanilla,val,1234,vanilla,0.016373103484511375,0.06924466043710709,-0.1536172293126583,-0.08215931802988052,-0.13946902751922607,0.01396654499694705,0.14164750277996063,0.3815789473684211,-0.02062208577990532,0.037481021136045456,0.0004858331521973014,0.05480002239346504,0.46612250804901123,0.9636424779891968,2.0,cvar,76.0,20.0,2.0,,,,,,
vanilla,test,1234,vanilla,0.01195755135267973,0.07961126416921616,-0.19443754911422728,-0.11720436811447144,-0.183436319231987,0.024712049402296543,0.120528232678771,0.41025641025641024,-0.02270488254725933,0.03515714779496193,0.0004947098786942661,0.05494566634297371,0.4663037061691284,0.9650196433067322,2.0,cvar,78.0,20.0,2.0,,,,,,
proto_source=vanilla_k=10_weighted=1_learnw=0,train,1234,proto,0.03134449943900108,0.04158291965723038,-0.05764299564063549,-0.03223070520907641,-0.055220283567905426,0.030895707197487354,0.10164497718214971,0.18994413407821228,-0.023125624284148216,0.054885245859622955,0.00041512370808050036,0.03877653926610947,0.09658536314964294,0.36965805292129517,1.4570953845977783,cvar,358.0,20.0,2.0,vanilla,10.0,True,False,0.09654945135116577,0.13436153531074524
proto_source=vanilla_k=10_weighted=1_learnw=0,val,1234,proto,0.03374269977211952,0.03444797918200493,-0.037202625535428524,-0.014221877790987492,-0.034243855625391006,0.03131873346865177,0.0948956124484539,0.14473684210526316,-0.02062208577990532,0.05478176847100258,0.0004169887979514897,0.039296939969062805,0.0942273736000061,0.37786728143692017,1.353555679321289,cvar,76.0,20.0,2.0,vanilla,10.0,True,False,0.09654945135116577,0.13436153531074524
proto_source=vanilla_k=10_weighted=1_learnw=0,test,1234,proto,0.032569315284490585,0.044583048671483994,-0.10362130269408226,-0.037549151480197905,-0.08254712074995041,0.030111204832792282,0.10622543171048163,0.15384615384615385,-0.02270488254725933,0.05570220947265625,0.00042801356175914407,0.039522912353277206,0.09385669976472855,0.37886619567871094,1.3678841590881348,cvar,78.0,20.0,2.0,vanilla,10.0,True,False,0.09654945135116577,0.13436153531074524
proto_source=vanilla_k=10_weighted=0_learnw=0,train,1234,proto,0.019151823595166206,0.046605706214904785,-0.06326306134462356,-0.04052561465650797,-0.05846552550792694,0.0119530507363379,0.10312822125852095,0.36312849162011174,-0.023125624284148216,0.04259607568383217,0.000318629143293947,0.03275799751281738,0.10133200883865356,0.348134845495224,1.7605416774749756,cvar,358.0,20.0,2.0,vanilla,10.0,False,False,0.09656646102666855,0.13743892312049866
proto_source=vanilla_k=10_weighted=0_learnw=0,val,1234,proto,0.023461315780878067,0.04798534885048866,-0.04808591213077307,-0.03333443962037563,-0.04280306398868561,0.013360965065658092,0.11923300661146641,0.35526315789473684,-0.02062208577990532,0.0444103367626667,0.0003269424196332693,0.033670660108327866,0.08602240681648254,0.3645237982273102,1.3464751243591309,cvar,76.0,20.0,2.0,vanilla,10.0,False,False,0.09656646102666855,0.13743892312049866
proto_source=vanilla_k=10_weighted=0_learnw=0,test,1234,proto,0.02418505772948265,0.06245935335755348,-0.06708657711744309,-0.04182426705956459,-0.06706303358078003,0.011749740689992905,0.14036482274532305,0.46153846153846156,-0.02270488254725933,0.04723532125353813,0.0003453812387306243,0.03446904569864273,0.08666738867759705,0.3732813894748688,1.4066274166107178,cvar,78.0,20.0,2.0,vanilla,10.0,False,False,0.09656646102666855,0.13743892312049866
proto_source=vanilla_k=25_weighted=1_learnw=0,train,1234,proto,-0.013859507627785206,0.07516726106405258,-0.15952154383063316,-0.11930055059492588,-0.1461167335510254,-0.018805199302732944,0.12977772802114484,0.5837988826815642,-0.023125624284148216,0.009585514664649963,0.0003193968441337347,0.027188340201973915,0.04442736506462097,0.284076988697052,0.8118811249732971,cvar,358.0,20.0,2.0,vanilla,25.0,True,False,0.07597079873085022,0.13997232913970947
proto_source=vanilla_k=25_weighted=1_learnw=0,val,1234,proto,-0.0074213710613548756,0.07716851681470871,-0.13259243592619896,-0.11216919310390949,-0.12956702709197998,-0.017233273945748806,0.12837566062808037,0.6052631578947368,-0.02062208577990532,0.013516568578779697,0.00031585476244799793,0.027167312800884247,0.04433116316795349,0.2842632532119751,0.7962058782577515,cvar,76.0,20.0,2.0,vanilla,25.0,True,False,0.07597079873085022,0.13997232913970947
proto_source=vanilla_k=25_weighted=1_learnw=0,test,1234,proto,-0.006893917452543974,0.0821661725640297,-0.1607474721968174,-0.11235891729593277,-0.14083527028560638,-0.02002851665019989,0.13389614671468725,0.5641025641025641,-0.02270488254725933,0.016134163364768028,0.00032319827005267143,0.027216818183660507,0.04442879557609558,0.2852253317832947,0.7954651713371277,cvar,78.0,20.0,2.0,vanilla,25.0,True,False,0.07597079873085022,0.13997232913970947
proto_source=vanilla_k=25_weighted=0_learnw=0,train,1234,proto,0.007196312304586172,0.04824955761432648,-0.08788838699460029,-0.06803044266998767,-0.08214426785707474,0.007826580666005611,0.09220621325075623,0.44972067039106145,-0.023125624284148216,0.030616413801908493,0.0002944760781247169,0.029022295027971268,0.06936216354370117,0.2868284285068512,1.101062297821045,cvar,358.0,20.0,2.0,vanilla,25.0,False,False,0.07585851848125458,0.14039233326911926
proto_source=vanilla_k=25_weighted=0_learnw=0,val,1234,proto,0.011552066542208195,0.05159560963511467,-0.07288647070527077,-0.06613606587052345,-0.07263494282960892,0.006210278254002333,0.10633762739598751,0.4605263157894737,-0.02062208577990532,0.03247186541557312,0.0002977163530886173,0.029547758400440216,0.06937932968139648,0.2954920828342438,1.0822244882583618,cvar,76.0,20.0,2.0,vanilla,25.0,False,False,0.07585851848125458,0.14039233326911926
proto_source=vanilla_k=25_weighted=0_learnw=0,test,1234,proto,0.006970786023885012,0.05524572357535362,-0.07580948054790497,-0.06697836183011532,-0.07504517585039139,-0.0011042694095522165,0.09506721794605248,0.5,-0.02270488254725933,0.029984846711158752,0.0003091786347795278,0.0299211535602808,0.06880664825439453,0.2992100715637207,1.0994696617126465,cvar,78.0,20.0,2.0,vanilla,25.0,False,False,0.07585851848125458,0.14039233326911926
proto_source=vanilla_k=50_weighted=1_learnw=0,train,1234,proto,-0.0086491284891963,0.11043637990951538,-0.21602505341172218,-0.16717310547828673,-0.20232266187667847,-0.017802857793867588,0.19313021525740623,0.547486033519553,-0.023125624284148216,0.014794678427278996,0.00031818190473131835,0.021042807027697563,0.048616111278533936,0.2184893786907196,0.6987212896347046,cvar,358.0,20.0,2.0,vanilla,50.0,True,False,0.07017650455236435,0.14666065573692322
proto_source=vanilla_k=50_weighted=1_learnw=0,val,1234,proto,-0.001961722271516919,0.11265294253826141,-0.18618132546544075,-0.16947825625538826,-0.1818031519651413,-0.016771133989095688,0.20295695960521698,0.5789473684210527,-0.02062208577990532,0.018975485116243362,0.00031512125860899687,0.021005241200327873,0.04333418607711792,0.21834149956703186,0.6794373989105225,cvar,76.0,20.0,2.0,vanilla,50.0,True,False,0.07017650455236435,0.14666065573692322
proto_source=vanilla_k=50_weighted=1_learnw=0,test,1234,proto,-0.00024798960657790303,0.11910053342580795,-0.2042066690325737,-0.16158698871731758,-0.18503457307815552,-0.018298848532140255,0.1874708175659178,0.5641025641025641,-0.02270488254725933,0.022786879912018776,0.0003299822856206447,0.02117898315191269,0.04558354616165161,0.220084086060524,0.6810850501060486,cvar,78.0,20.0,2.0,vanilla,50.0,True,False,0.07017650455236435,0.14666065573692322
proto_source=vanilla_k=50_weighted=0_learnw=0,train,1234,proto,0.002264521550387144,0.07504523545503616,-0.1488317793607712,-0.11191788651049137,-0.1345236897468567,0.0021438347175717354,0.13079218119382857,0.4972067039106145,-0.023125624284148216,0.025675766170024872,0.00028561780345626175,0.023700028657913208,0.04588836431503296,0.24259772896766663,0.8589999675750732,cvar,358.0,20.0,2.0,vanilla,50.0,False,False,0.07055006921291351,0.14594514667987823
proto_source=vanilla_k=50_weighted=0_learnw=0,val,1234,proto,0.007299770601093769,0.07968296855688095,-0.13481611385941505,-0.1028394065797329,-0.12600906193256378,0.0018270894652232528,0.16518288105726242,0.4605263157894737,-0.02062208577990532,0.028211630880832672,0.0002897749945987016,0.023919489234685898,0.04583078622817993,0.2452579289674759,0.844643771648407,cvar,76.0,20.0,2.0,vanilla,50.0,False,False,0.07055006921291351,0.14594514667987823
proto_source=vanilla_k=50_weighted=0_learnw=0,test,1234,proto,0.0069519830867648125,0.08378179371356964,-0.10965623438358307,-0.10419446751475334,-0.10882863402366638,-0.008619419299066067,0.13992704451084131,0.5512820512820513,-0.02270488254725933,0.02995878830552101,0.0003019204887095839,0.02393469773232937,0.045391350984573364,0.24616722762584686,0.8466525077819824,cvar,78.0,20.0,2.0,vanilla,50.0,False,False,0.07055006921291351,0.14594514667987823
proto_source=spot_delta_k=10_weighted=1_learnw=0,train,1234,proto,0.053790461272001266,0.10586153715848923,-0.13809431999921798,-0.09499825909733772,-0.13062860071659088,0.03685067780315876,0.26013354361057256,0.35195530726256985,-0.023125624284148216,0.07748418301343918,0.0005680990288965404,0.04512180760502815,0.09143620729446411,0.524510383605957,1.617782473564148,cvar,358.0,20.0,2.0,spot_delta,10.0,True,False,0.09238556772470474,0.1400109827518463
proto_source=spot_delta_k=10_weighted=1_learnw=0,val,1234,proto,0.0637696161866188,0.1068788692355156,-0.11833712831139565,-0.06597770750522614,-0.10210295766592026,0.03825879655778408,0.24836104735732079,0.32894736842105265,-0.02062208577990532,0.08495574444532394,0.0005640311283059418,0.04564311355352402,0.09143541008234024,0.5392248630523682,1.2476545572280884,cvar,76.0,20.0,2.0,spot_delta,10.0,True,False,0.09238556772470474,0.1400109827518463
proto_source=spot_delta_k=10_weighted=1_learnw=0,test,1234,proto,0.07161404937505722,0.12820926308631897,-0.13125726222991943,-0.08897433988749981,-0.12776365876197815,0.04445658437907696,0.3198419973254203,0.3717948717948718,-0.02270488254725933,0.0949048176407814,0.0005858724471181631,0.046141572296619415,0.09141616523265839,0.5454822182655334,1.2764827013015747,cvar,78.0,20.0,2.0,spot_delta,10.0,True,False,0.09238556772470474,0.1400109827518463
proto_source=spot_delta_k=10_weighted=0_learnw=0,train,1234,proto,0.027182314544916153,0.0449906587600708,-0.057464629746973514,-0.03738868590444326,-0.0534665510058403,0.020350895822048187,0.10777133293449878,0.2737430167597765,-0.023125624284148216,0.05063605308532715,0.0003281119861640036,0.0295990202575922,0.09941685199737549,0.35712891817092896,1.6209896802902222,cvar,358.0,20.0,2.0,spot_delta,10.0,False,False,0.09173525869846344,0.13691137731075287
proto_source=spot_delta_k=10_weighted=0_learnw=0,val,1234,proto,0.031282104551792145,0.04515652358531952,-0.037794845178723335,-0.027576990891247988,-0.035693373531103134,0.01840569358319044,0.11622176691889763,0.23684210526315788,-0.02062208577990532,0.052233025431632996,0.00032883696258068085,0.02997061051428318,0.09946784377098083,0.36901766061782837,1.0034246444702148,cvar,76.0,20.0,2.0,spot_delta,10.0,False,False,0.09173525869846344,0.13691137731075287
proto_source=spot_delta_k=10_weighted=0_learnw=0,test,1234,proto,0.032495081424713135,0.05762432515621185,-0.06561575915664435,-0.03773186970502138,-0.05966866761445999,0.022205900400877,0.1412950605154036,0.32051282051282054,-0.02270488254725933,0.05554521456360817,0.00034524424700066447,0.030596399679780006,0.09935960918664932,0.37766918540000916,1.0274085998535156,cvar,78.0,20.0,2.0,spot_delta,10.0,False,False,0.09173525869846344,0.13691137731075287
proto_source=spot_delta_k=25_weighted=1_learnw=0,train,1234,proto,-0.029070192947983742,0.024280209094285965,-0.10608783766627311,-0.06777323447167874,-0.09182652831077576,-0.023452872410416603,0.0006121470563812074,0.9385474860335196,-0.023125624284148216,-0.005876864772289991,6.770352774765342e-05,0.0057310317642986774,0.043586283922195435,0.051623567938804626,0.7329960465431213,cvar,358.0,20.0,2.0,spot_delta,25.0,True,False,0.0740753561258316,0.14019478857517242
proto_source=spot_delta_k=25_weighted=1_learnw=0,val,1234,proto,-0.0258956216275692,0.019852517172694206,-0.07474585063755512,-0.06715370528399944,-0.07318922132253647,-0.01990495715290308,-0.004080720187630504,0.9868421052631579,-0.02062208577990532,-0.005207151640206575,6.638677587034181e-05,0.005889975465834141,0.03241047263145447,0.05409441888332367,0.37745746970176697,cvar,76.0,20.0,2.0,spot_delta,25.0,True,False,0.0740753561258316,0.14019478857517242
proto_source=spot_delta_k=25_weighted=1_learnw=0,test,1234,proto,-0.028938671573996544,0.021640505641698837,-0.0880319582670927,-0.07612898014485836,-0.08758771419525146,-0.023895484395325184,-0.004343580361455683,1.0,-0.02270488254725933,-0.006162615958601236,7.117560744518414e-05,0.006090696435421705,0.03567230701446533,0.05431855469942093,0.3528301417827606,cvar,78.0,20.0,2.0,spot_delta,25.0,True,False,0.0740753561258316,0.14019478857517242
proto_source=spot_delta_k=25_weighted=0_learnw=0,train,1234,proto,0.01708892732858658,0.035169221460819244,-0.05687203556299209,-0.03447141945362091,-0.05274613946676254,0.013355706818401814,0.08046317249536512,0.29608938547486036,-0.023125624284148216,0.04047490283846855,0.0002603500324767083,0.024760594591498375,0.07319965213537216,0.2614833414554596,0.9071817398071289,cvar,358.0,20.0,2.0,spot_delta,25.0,False,False,0.07630985975265503,0.145052969455719
proto_source=spot_delta_k=25_weighted=0_learnw=0,val,1234,proto,0.021257465705275536,0.03301587328314781,-0.03225418645888567,-0.024658280424773693,-0.03045651689171791,0.01341779250651598,0.08236166648566723,0.25,-0.02062208577990532,0.04213988035917282,0.0002603300381451845,0.025045104324817657,0.072580486536026,0.2720772922039032,0.8832718729972839,cvar,76.0,20.0,2.0,spot_delta,25.0,False,False,0.07630985975265503,0.145052969455719
proto_source=spot_delta_k=25_weighted=0_learnw=0,test,1234,proto,0.018852869048714638,0.03994948789477348,-0.049578008018434046,-0.029960784874856473,-0.04835900664329529,0.009770881850272417,0.0853228572756051,0.3717948717948718,-0.02270488254725933,0.04182639718055725,0.0002686516963876784,0.02547227218747139,0.07250162214040756,0.2776358425617218,0.8867396116256714,cvar,78.0,20.0,2.0,spot_delta,25.0,False,False,0.07630985975265503,0.145052969455719
proto_source=spot_delta_k=50_weighted=1_learnw=0,train,1234,proto,-0.0157218798995018,0.06638429313898087,-0.13443541243672372,-0.10667061023414134,-0.12584085762500763,-0.02265090122818947,0.10790652669966214,0.6061452513966481,-0.023125624284148216,0.0076941256411373615,0.00029038090724498034,0.025086306035518646,0.04548555612564087,0.2639879882335663,0.7855899930000305,cvar,358.0,20.0,2.0,spot_delta,50.0,True,False,0.07112222909927368,0.1504976600408554
proto_source=spot_delta_k=50_weighted=1_learnw=0,val,1234,proto,-0.008895548060536385,0.06928163021802902,-0.13942057639360428,-0.10216793045401573,-0.129782572388649,-0.015289857517927885,0.10978448018431664,0.6052631578947368,-0.02062208577990532,0.012013924308121204,0.000287387752905488,0.025118175894021988,0.04165369272232056,0.2645278573036194,0.7695480585098267,cvar,76.0,20.0,2.0,spot_delta,50.0,True,False,0.07112222909927368,0.1504976600408554
proto_source=spot_delta_k=50_weighted=1_learnw=0,test,1234,proto,-0.0072751459665596485,0.0726543441414833,-0.13742945447564126,-0.10857918821275234,-0.13065125048160553,-0.01628980739042163,0.11884187236428256,0.5512820512820513,-0.02270488254725933,0.015723425894975662,0.000293687975499779,0.025150714442133904,0.042113423347473145,0.26495423913002014,0.7601189017295837,cvar,78.0,20.0,2.0,spot_delta,50.0,True,False,0.07112222909927368,0.1504976600408554
proto_source=spot_delta_k=50_weighted=0_learnw=0,train,1234,proto,-0.008305652998387814,0.02478470467031002,-0.07250858820974826,-0.04578627813607454,-0.0622880794107914,-0.008673040196299553,0.03201856333762407,0.6703910614525139,-0.023125624284148216,0.015021510422229767,0.00020153899095021188,0.02216969057917595,0.0430985689163208,0.2329690307378769,0.8195834755897522,cvar,358.0,20.0,2.0,spot_delta,50.0,False,False,0.07027948647737503,0.14988131821155548
proto_source=spot_delta_k=50_weighted=0_learnw=0,val,1234,proto,-0.003913985565304756,0.023152802139520645,-0.046709269285202026,-0.04151949193328619,-0.046594228595495224,-0.003921302850358188,0.034225087612867355,0.5657894736842105,-0.02062208577990532,0.016909413039684296,0.0002013120538322255,0.022301914170384407,0.041165947914123535,0.23542658984661102,0.8115168213844299,cvar,76.0,20.0,2.0,spot_delta,50.0,False,False,0.07027948647737503,0.14988131821155548
proto_source=spot_delta_k=50_weighted=0_learnw=0,test,1234,proto,-0.00544080650433898,0.028181375935673714,-0.06579661838710309,-0.04546948224306106,-0.061488352715969086,-0.009083646815270185,0.04633368141949177,0.6025641025641025,-0.02270488254725933,0.01746920682489872,0.00020512919581960887,0.022393951192498207,0.04184935986995697,0.2364644706249237,0.8209198713302612,cvar,78.0,20.0,2.0,spot_delta,50.0,False,False,0.07027948647737503,0.14988131821155548
proto_source=zero_k=10_weighted=1_learnw=0,train,1234,proto,-0.014168132096529007,0.04939758777618408,-0.15569436818361282,-0.09932764582335948,-0.13150456547737122,-0.006545138545334339,0.05293431133031842,0.5391061452513967,-0.023125624284148216,0.009232225827872753,0.0002747323305811733,0.026664763689041138,0.10607051849365234,0.2766662538051605,1.7979298830032349,cvar,358.0,20.0,2.0,zero,10.0,True,False,0.09789101034402847,0.14599967002868652
proto_source=zero_k=10_weighted=1_learnw=0,val,1234,proto,-0.012687631882727146,0.0482453852891922,-0.12400020472705364,-0.10258705541491508,-0.1217968612909317,-0.009099106770008802,0.055575257167220116,0.6052631578947368,-0.02062208577990532,0.008201150223612785,0.00026669810176827013,0.026470234617590904,0.07369434833526611,0.275516152381897,1.1013636589050293,cvar,76.0,20.0,2.0,zero,10.0,True,False,0.09789101034402847,0.14599967002868652
proto_source=zero_k=10_weighted=1_learnw=0,test,1234,proto,-0.017144283279776573,0.049365200102329254,-0.1507151807844639,-0.09669317193329334,-0.1350061297416687,-0.011197704821825027,0.048346075043082186,0.6153846153846154,-0.02270488254725933,0.005829712375998497,0.0002691149420570582,0.026424437761306763,0.08108532428741455,0.27438580989837646,1.086029052734375,cvar,78.0,20.0,2.0,zero,10.0,True,False,0.09789101034402847,0.14599967002868652
proto_source=zero_k=10_weighted=0_learnw=0,train,1234,proto,-0.011412105523049831,0.027166517451405525,-0.08526156447827815,-0.055170340463519096,-0.0729207694530487,-0.012270048260688782,0.03128554802387949,0.7039106145251397,-0.023125624284148216,0.011943770572543144,0.0002302502398379147,0.02460072562098503,0.10829305648803711,0.25469475984573364,1.9557989835739136,cvar,358.0,20.0,2.0,zero,10.0,False,False,0.09689061343669891,0.1455133557319641
proto_source=zero_k=10_weighted=0_learnw=0,val,1234,proto,-0.009863201528787613,0.023717030882835388,-0.05357492994517088,-0.0482242600992322,-0.05287034064531326,-0.012310386169701815,0.034362892620265484,0.6973684210526315,-0.02062208577990532,0.010984843596816063,0.0002259594912175089,0.024412501603364944,0.05106884241104126,0.25427788496017456,0.9141130447387695,cvar,76.0,20.0,2.0,zero,10.0,False,False,0.09689061343669891,0.1455133557319641
proto_source=zero_k=10_weighted=0_learnw=0,test,1234,proto,-0.014742417261004448,0.022953949868679047,-0.0620876369997859,-0.054394788853824136,-0.061062853783369064,-0.015688441693782806,0.023940858710557216,0.7435897435897436,-0.02270488254725933,0.008188188076019287,0.00022572267334908247,0.024275677278637886,0.0656786859035492,0.2518821060657501,0.9569200873374939,cvar,78.0,20.0,2.0,zero,10.0,False,False,0.09689061343669891,0.1455133557319641
proto_source=zero_k=25_weighted=1_learnw=0,train,1234,proto,-0.01277386024594307,0.060517508536577225,-0.12377805985510348,-0.09884420521557331,-0.11712051928043365,-0.020163001492619514,0.09572446681559076,0.5949720670391061,-0.023125624284148216,0.01052000466734171,0.00016823910118546337,0.01123619545251131,0.060826510190963745,0.11078999191522598,0.9261196255683899,cvar,358.0,20.0,2.0,zero,25.0,True,False,0.07318119704723358,0.14144133031368256
proto_source=zero_k=25_weighted=1_learnw=0,val,1234,proto,-0.008068433031439781,0.060612305998802185,-0.1129948552697897,-0.09735879488289356,-0.10709812492132187,-0.012112671975046396,0.09005105122923851,0.5789473684210527,-0.02062208577990532,0.012717675417661667,0.0001640213158680126,0.011071635410189629,0.027419179677963257,0.1090019941329956,0.3827190697193146,cvar,76.0,20.0,2.0,zero,25.0,True,False,0.07318119704723358,0.14144133031368256
proto_source=zero_k=25_weighted=1_learnw=0,test,1234,proto,-0.0061714742332696915,0.06387028098106384,-0.12248390145599843,-0.10286346040666103,-0.11872664839029312,-0.007811366347596049,0.10563669688999647,0.5641025641025641,-0.02270488254725933,0.01670440472662449,0.0001709965872578323,0.011122132651507854,0.03450828790664673,0.10691135376691818,0.39463233947753906,cvar,78.0,20.0,2.0,zero,25.0,True,False,0.07318119704723358,0.14144133031368256
proto_source=zero_k=25_weighted=0_learnw=0,train,1234,proto,-0.009159361012279987,0.028143469244241714,-0.08704515665769577,-0.057703012228012086,-0.07304584234952927,-0.008759803138673306,0.03436060454696416,0.6061452513966481,-0.023125624284148216,0.014188246801495552,0.0002219814487034455,0.024144301190972328,0.055178940296173096,0.25157707929611206,1.0235869884490967,cvar,358.0,20.0,2.0,zero,25.0,False,False,0.0767943263053894,0.14423689246177673
proto_source=zero_k=25_weighted=0_learnw=0,val,1234,proto,-0.005272396374493837,0.024991508573293686,-0.05954756587743759,-0.05112645402550697,-0.058063916862010956,-0.0029646644834429026,0.03270539082586765,0.5657894736842105,-0.02062208577990532,0.015569525770843029,0.0002198366419179365,0.02417406067252159,0.05403175950050354,0.2527340352535248,1.025313377380371,cvar,76.0,20.0,2.0,zero,25.0,False,False,0.0767943263053894,0.14423689246177673
proto_source=zero_k=25_weighted=0_learnw=0,test,1234,proto,-0.008851862512528896,0.028590058907866478,-0.07795363754034042,-0.05292470846325159,-0.07284079492092133,-0.008630340918898582,0.03187127588316789,0.6025641025641025,-0.02270488254725933,0.014072809368371964,0.0002197889261879027,0.023943504318594933,0.05412691831588745,0.24983848631381989,0.982765793800354,cvar,78.0,20.0,2.0,zero,25.0,False,False,0.0767943263053894,0.14423689246177673
proto_source=zero_k=50_weighted=1_learnw=0,train,1234,proto,-0.021697023883461952,0.028925670310854912,-0.11232187151908875,-0.06617422141134739,-0.0942380428314209,-0.01869006920605898,0.015585462655872096,0.7821229050279329,-0.023125624284148216,0.0014846839476376772,5.6081931688822806e-05,0.004659534431993961,0.06448715925216675,0.05205826833844185,0.9713548421859741,cvar,358.0,20.0,2.0,zero,50.0,True,False,0.0689634457230568,0.1450783759355545
proto_source=zero_k=50_weighted=1_learnw=0,val,1234,proto,-0.018541239202022552,0.024540401995182037,-0.07873293571174145,-0.0641870815306902,-0.07560916244983673,-0.012209896929562092,0.012682286789640784,0.7763157894736842,-0.02062208577990532,0.0021342008840292692,5.3353167459135875e-05,0.004526134580373764,0.01688397116959095,0.051500581204891205,0.19995500147342682,cvar,76.0,20.0,2.0,zero,50.0,True,False,0.0689634457230568,0.1450783759355545
proto_source=zero_k=50_weighted=1_learnw=0,test,1234,proto,-0.019607793539762497,0.02832774445414543,-0.10654740571975709,-0.07074018418788909,-0.09958872199058533,-0.015825328417122364,0.018754852656274898,0.8205128205128205,-0.02270488254725933,0.003151341574266553,5.42515808774624e-05,0.004483852535486221,0.021694675087928772,0.05056270584464073,0.17999611794948578,cvar,78.0,20.0,2.0,zero,50.0,True,False,0.0689634457230568,0.1450783759355545
proto_source=zero_k=50_weighted=0_learnw=0,train,1234,proto,-0.019342495128512383,0.01911562867462635,-0.08132428474724293,-0.0517098642885685,-0.06872650235891342,-0.016886457800865173,0.00769741120748221,0.88268156424581,-0.023125624284148216,0.003980372101068497,0.00019724125741049647,0.023315267637372017,0.046773672103881836,0.2425205111503601,0.9283182621002197,cvar,358.0,20.0,2.0,zero,50.0,False,False,0.07227195054292679,0.14880390465259552
proto_source=zero_k=50_weighted=0_learnw=0,val,1234,proto,-0.016021009534597397,0.014911671169102192,-0.054416521452367306,-0.04546387027949095,-0.053970128297805786,-0.011661139316856861,0.0005854406044818461,0.9342105263157895,-0.02062208577990532,0.0047974614426493645,0.00019638502271845937,0.02339911460876465,0.04673272371292114,0.24354368448257446,0.9289999008178711,cvar,76.0,20.0,2.0,zero,50.0,False,False,0.07227195054292679,0.14880390465259552
proto_source=zero_k=50_weighted=0_learnw=0,test,1234,proto,-0.018993297591805458,0.01821250282227993,-0.07611603371798992,-0.0537141602486372,-0.06846987456083298,-0.014962296467274427,0.005303181917406616,0.8846153846153846,-0.02270488254725933,0.003909695893526077,0.00019810895901173353,0.023391472175717354,0.04676586389541626,0.2431262731552124,0.9267023801803589,cvar,78.0,20.0,2.0,zero,50.0,False,False,0.07227195054292679,0.14880390465259552
