regime_type,regime,series,n,mean,p05,cvar05,shortfall_prob,seed,analysis_label,paper_label
return_regime,down,unhedged_gains,225,0.0,0.0,0.0,0.0,1234,unhedged,Unhedged
return_regime,down,spot_delta_gains,225,-0.002247418003777663,-0.02335561066865921,-0.03840051218867302,0.5511111111111111,1234,spot_delta,Spot-Delta
return_regime,down,spot_delta_band_gains,225,-0.002243547916619314,-0.023966889083385463,-0.03802170014629761,0.5466666666666666,1234,spot_delta_band,Spot-Delta Band
return_regime,down,vanilla_gains,225,1.5582972790549199,0.08994461894035341,-0.00377917584652702,0.03111111111111111,1234,vanilla,Vanilla DH
return_regime,down,proto_mean_gains,225,1.5320812930187417,0.02645485997200013,-0.10283939536505689,0.04,1234,proto_mean,ProtoHedge (Mean frontier)
return_regime,down,proto_tail_gains,225,1.5263140471631453,0.08960590511560441,-0.0548451638702924,0.03111111111111111,1234,proto_tail,ProtoHedge (Tail frontier)
return_regime,middle,unhedged_gains,224,-0.012543787381478719,-0.0250718355178833,-0.025405466556549072,0.9419642857142857,1234,unhedged,Unhedged
return_regime,middle,spot_delta_gains,224,-0.012694318891915048,-0.030144020169973373,-0.03766827968259653,0.8794642857142857,1234,spot_delta,Spot-Delta
return_regime,middle,spot_delta_band_gains,224,-0.012665119036423025,-0.029852405469864608,-0.037415377174814544,0.8794642857142857,1234,spot_delta_band,Spot-Delta Band
return_regime,middle,vanilla_gains,224,1.7836648881618333,0.15091633200645446,-0.08347356334949534,0.03125,1234,vanilla,Vanilla DH
return_regime,middle,proto_mean_gains,224,1.7732072026285874,0.0803520455956459,-0.08550228411331773,0.03125,1234,proto_mean,ProtoHedge (Mean frontier)
return_regime,middle,proto_tail_gains,224,1.8239205229661561,0.1482703983783722,0.012823064190646013,0.017857142857142856,1234,proto_tail,ProtoHedge (Tail frontier)
return_regime,up,unhedged_gains,225,-0.048013892173767087,-0.08859310150146484,-0.12272303303082784,1.0,1234,unhedged,Unhedged
return_regime,up,spot_delta_gains,225,-0.0441205181967881,-0.08171040862798691,-0.10634510902067025,0.9955555555555555,1234,spot_delta,Spot-Delta
return_regime,up,spot_delta_band_gains,225,-0.04411645768624213,-0.08158764690160751,-0.10640369852383931,0.9955555555555555,1234,spot_delta_band,Spot-Delta Band
return_regime,up,vanilla_gains,225,1.5751322290115057,-0.00254642702639101,-0.22256833505040655,0.05333333333333334,1234,vanilla,Vanilla DH
return_regime,up,proto_mean_gains,225,1.5590715822908614,0.0007911894470453498,-0.14950002419451872,0.05333333333333334,1234,proto_mean,ProtoHedge (Mean frontier)
return_regime,up,proto_tail_gains,225,1.5626898156685962,0.02472251728177073,-0.0998719553463161,0.044444444444444446,1234,proto_tail,ProtoHedge (Tail frontier)
vol_regime,low_vol,unhedged_gains,225,-0.02353753089904785,-0.06917104721069335,-0.07825194795926411,0.7733333333333333,1234,unhedged,Unhedged
vol_regime,low_vol,spot_delta_gains,225,-0.022742542679447475,-0.06647439897060393,-0.07573062678178151,0.8666666666666667,1234,spot_delta,Spot-Delta
vol_regime,low_vol,spot_delta_band_gains,225,-0.022742084946560985,-0.06649372279644011,-0.07567816103498141,0.8711111111111111,1234,spot_delta_band,Spot-Delta Band
vol_regime,low_vol,vanilla_gains,225,1.214045933040066,-0.03043252788484094,-0.16003426412741342,0.06666666666666667,1234,vanilla,Vanilla DH
vol_regime,low_vol,proto_mean_gains,225,1.222481576850017,-0.01930407304316757,-0.09606557137643297,0.057777777777777775,1234,proto_mean,ProtoHedge (Mean frontier)
vol_regime,low_vol,proto_tail_gains,225,1.26956731285279,0.02770262509584431,-0.07487434044014663,0.04,1234,proto_tail,ProtoHedge (Tail frontier)
vol_regime,mid_vol,unhedged_gains,224,-0.01568885307226862,-0.05270804762840271,-0.06688552101453145,0.5669642857142857,1234,unhedged,Unhedged
vol_regime,mid_vol,spot_delta_gains,224,-0.015244806900032668,-0.050710346549749374,-0.061839226012428604,0.75,1234,spot_delta,Spot-Delta
vol_regime,mid_vol,spot_delta_band_gains,224,-0.015228938636677672,-0.05080080572515726,-0.061799723034103714,0.7455357142857143,1234,spot_delta_band,Spot-Delta Band
vol_regime,mid_vol,vanilla_gains,224,1.699894562692082,0.1564509689807892,0.0045665402431041,0.022321428571428572,1234,vanilla,Vanilla DH
vol_regime,mid_vol,proto_mean_gains,224,1.6733460994582856,0.04468365069478751,-0.07166469504591078,0.04017857142857143,1234,proto_mean,ProtoHedge (Mean frontier)
vol_regime,mid_vol,proto_tail_gains,224,1.695054571651521,0.12775461524724963,0.002452869744350513,0.026785714285714284,1234,proto_tail,ProtoHedge (Tail frontier)
vol_regime,high_vol,unhedged_gains,225,-0.021345273653666178,-0.07698004245758057,-0.11791073282559712,0.6,1234,unhedged,Unhedged
vol_regime,high_vol,spot_delta_gains,225,-0.02108624101525897,-0.07810941189527512,-0.10557954385876656,0.8088888888888889,1234,spot_delta,Spot-Delta
vol_regime,high_vol,spot_delta_band_gains,225,-0.021065495809824725,-0.07805711627006531,-0.10570063690344493,0.8044444444444444,1234,spot_delta_band,Spot-Delta Band
vol_regime,high_vol,vanilla_gains,225,2.002781587938468,0.20049554109573367,-0.10698069942494233,0.02666666666666667,1234,vanilla,Vanilla DH
vol_regime,high_vol,proto_mean_gains,225,1.9680885745046868,0.12786411345005042,-0.13658629676016668,0.02666666666666667,1234,proto_mean,ProtoHedge (Mean frontier)
vol_regime,high_vol,proto_tail_gains,225,1.9477297637321882,0.1873316287994385,-0.06290724229378004,0.02666666666666667,1234,proto_tail,ProtoHedge (Tail frontier)
drawdown_regime,mild_dd,unhedged_gains,225,-0.00898551517062717,-0.05031652450561523,-0.08453328410784404,0.28888888888888886,1234,unhedged,Unhedged
drawdown_regime,mild_dd,spot_delta_gains,225,-0.010129028274807043,-0.055233240872621533,-0.074974968098104,0.6266666666666667,1234,spot_delta,Spot-Delta
drawdown_regime,mild_dd,spot_delta_band_gains,225,-0.010149852554831239,-0.054778550565242765,-0.07504327036440372,0.6311111111111111,1234,spot_delta_band,Spot-Delta Band
drawdown_regime,mild_dd,vanilla_gains,225,1.493791065402329,0.0014722339808941488,-0.18050358591911694,0.05333333333333334,1234,vanilla,Vanilla DH
drawdown_regime,mild_dd,proto_mean_gains,225,1.482817688462221,0.02003168165683748,-0.1896204601895685,0.044444444444444446,1234,proto_mean,ProtoHedge (Mean frontier)
drawdown_regime,mild_dd,proto_tail_gains,225,1.4869069806610544,0.024117388576269175,-0.14009088332143924,0.04888888888888889,1234,proto_tail,ProtoHedge (Tail frontier)
drawdown_regime,mid_dd,unhedged_gains,224,-0.020642189575093135,-0.06429194211959839,-0.09586445490519206,0.7053571428571429,1234,unhedged,Unhedged
drawdown_regime,mid_dd,spot_delta_gains,224,-0.019532542960340443,-0.06228018142282963,-0.09291491595407327,0.8214285714285714,1234,spot_delta,Spot-Delta
drawdown_regime,mid_dd,spot_delta_band_gains,224,-0.019500259344957676,-0.06209647711366415,-0.09282431906710069,0.8169642857142857,1234,spot_delta_band,Spot-Delta Band
drawdown_regime,mid_dd,vanilla_gains,224,1.701392737865847,0.19335314109921456,-0.033473265978197254,0.022321428571428572,1234,vanilla,Vanilla DH
drawdown_regime,mid_dd,proto_mean_gains,224,1.664715628646913,0.027353676408529287,-0.10944675607606769,0.03571428571428571,1234,proto_mean,ProtoHedge (Mean frontier)
drawdown_regime,mid_dd,proto_tail_gains,224,1.690659265900779,0.10096892639994622,-0.044415427333054446,0.022321428571428572,1234,proto_tail,ProtoHedge (Tail frontier)
drawdown_regime,deep_dd,unhedged_gains,225,-0.030965967708163792,-0.0732569694519043,-0.08583291371663411,0.9466666666666667,1234,unhedged,Unhedged
drawdown_regime,deep_dd,spot_delta_gains,225,-0.029431075964304103,-0.07003950029611587,-0.07957929869492848,0.9777777777777777,1234,spot_delta,Spot-Delta
drawdown_regime,deep_dd,spot_delta_band_gains,225,-0.029405391140866818,-0.06994191408157349,-0.07951787797113259,0.9733333333333334,1234,spot_delta_band,Spot-Delta Band
drawdown_regime,deep_dd,vanilla_gains,225,1.7215449389587674,0.051942221820354476,-0.07895188076266398,0.04,1234,vanilla,Vanilla DH
drawdown_regime,deep_dd,proto_mean_gains,225,1.716344576055805,0.040661513805389446,-0.04920658081149062,0.044444444444444446,1234,proto_mean,ProtoHedge (Mean frontier)
drawdown_regime,deep_dd,proto_tail_gains,225,1.7347658669824402,0.1798737108707428,0.05342698943180343,0.022222222222222223,1234,proto_tail,ProtoHedge (Tail frontier)
return_regime,down,unhedged_gains,225,0.0,0.0,0.0,0.0,2345,unhedged,Unhedged
return_regime,down,spot_delta_gains,225,-0.0028979269641503276,-0.025930563732981683,-0.037382561868677534,0.5822222222222222,2345,spot_delta,Spot-Delta
return_regime,down,spot_delta_band_gains,225,-0.0028110463209062193,-0.025040964409708977,-0.03653412498533726,0.5688888888888889,2345,spot_delta_band,Spot-Delta Band
return_regime,down,vanilla_gains,225,1.5616282346844672,0.26336569190025333,0.009679405018687248,0.022222222222222223,2345,vanilla,Vanilla DH
return_regime,down,proto_mean_gains,225,1.5383278107953569,0.14827624857425692,-0.019326274011594553,0.017777777777777778,2345,proto_mean,ProtoHedge (Mean frontier)
return_regime,down,proto_tail_gains,225,1.4910559338000087,0.14057402014732362,-0.014864712332685789,0.022222222222222223,2345,proto_tail,ProtoHedge (Tail frontier)
return_regime,middle,unhedged_gains,224,-0.014319109597376414,-0.026117432117462158,-0.026638487974802654,0.9598214285714286,2345,unhedged,Unhedged
return_regime,middle,spot_delta_gains,224,-0.015178103898246522,-0.03558548334985971,-0.04232522503783306,0.9151785714285714,2345,spot_delta,Spot-Delta
return_regime,middle,spot_delta_band_gains,224,-0.015107812442173392,-0.03538724761456251,-0.04167356342077255,0.9151785714285714,2345,spot_delta_band,Spot-Delta Band
return_regime,middle,vanilla_gains,224,1.6686522007803433,0.16977303698658944,0.027494017810871203,0.022321428571428572,2345,vanilla,Vanilla DH
return_regime,middle,proto_mean_gains,224,1.6769915052988966,0.16743114218115807,-0.09350335566947858,0.026785714285714284,2345,proto_mean,ProtoHedge (Mean frontier)
return_regime,middle,proto_tail_gains,224,1.633566183171102,0.14983343034982682,-0.10301960011323293,0.026785714285714284,2345,proto_tail,ProtoHedge (Tail frontier)
return_regime,up,unhedged_gains,225,-0.050563470522562666,-0.09722683429718018,-0.12958071629206339,1.0,2345,unhedged,Unhedged
return_regime,up,spot_delta_gains,225,-0.04704252940913042,-0.09491188377141951,-0.1240353627751271,1.0,2345,spot_delta,Spot-Delta
return_regime,up,spot_delta_band_gains,225,-0.047064821264810035,-0.09585345983505249,-0.12368958815932274,1.0,2345,spot_delta_band,Spot-Delta Band
return_regime,up,vanilla_gains,225,1.8513820608658715,0.15814696848392487,0.006782963008542235,0.02666666666666667,2345,vanilla,Vanilla DH
return_regime,up,proto_mean_gains,225,1.860358291135894,0.20226663053035737,0.04419078057010969,0.013333333333333334,2345,proto_mean,ProtoHedge (Mean frontier)
return_regime,up,proto_tail_gains,225,1.8288629161152574,0.1406261205673218,0.06213456050803264,0.013333333333333334,2345,proto_tail,ProtoHedge (Tail frontier)
vol_regime,low_vol,unhedged_gains,225,-0.022229089736938476,-0.06224014759063721,-0.07610838611920674,0.7377777777777778,2345,unhedged,Unhedged
vol_regime,low_vol,spot_delta_gains,225,-0.022045601151573162,-0.05878917202353477,-0.07341522350907326,0.8488888888888889,2345,spot_delta,Spot-Delta
vol_regime,low_vol,spot_delta_band_gains,225,-0.022022679454271887,-0.05894666537642479,-0.07339610252529383,0.8488888888888889,2345,spot_delta_band,Spot-Delta Band
vol_regime,low_vol,vanilla_gains,225,1.369828177230536,0.1396837592124939,0.0066909877641592175,0.022222222222222223,2345,vanilla,Vanilla DH
vol_regime,low_vol,proto_mean_gains,225,1.4077275751696692,0.15770488679409028,-0.01478176936507225,0.008888888888888889,2345,proto_mean,ProtoHedge (Mean frontier)
vol_regime,low_vol,proto_tail_gains,225,1.382525019099315,0.13953837454319,0.05179400214304527,0.017777777777777778,2345,proto_tail,ProtoHedge (Tail frontier)
vol_regime,mid_vol,unhedged_gains,224,-0.021243172032492503,-0.06931024193763732,-0.0923652450243632,0.6383928571428571,2345,unhedged,Unhedged
vol_regime,mid_vol,spot_delta_gains,224,-0.020333973344674763,-0.05634700208902359,-0.08025177971770366,0.8214285714285714,2345,spot_delta,Spot-Delta
vol_regime,mid_vol,spot_delta_band_gains,224,-0.020332941586210445,-0.0556049095466733,-0.0800712446992596,0.8125,2345,spot_delta_band,Spot-Delta Band
vol_regime,mid_vol,vanilla_gains,224,1.766233951817932,0.3630337581038475,0.11377727550764878,0.017857142857142856,2345,vanilla,Vanilla DH
vol_regime,mid_vol,proto_mean_gains,224,1.7481461709331987,0.2828376978635788,0.024242044426500797,0.022321428571428572,2345,proto_mean,ProtoHedge (Mean frontier)
vol_regime,mid_vol,proto_tail_gains,224,1.7280890211446345,0.1989312805235386,0.02975080581381917,0.013392857142857142,2345,proto_tail,ProtoHedge (Tail frontier)
vol_regime,high_vol,unhedged_gains,225,-0.021441091961330837,-0.07585246562957763,-0.11862449844678243,0.5822222222222222,2345,unhedged,Unhedged
vol_regime,high_vol,spot_delta_gains,225,-0.0227619007505968,-0.07899488806724549,-0.115822559222579,0.8266666666666667,2345,spot_delta,Spot-Delta
vol_regime,high_vol,spot_delta_band_gains,225,-0.02265128178360303,-0.07918820977210998,-0.11568599877258141,0.8222222222222222,2345,spot_delta_band,Spot-Delta Band
vol_regime,high_vol,vanilla_gains,225,1.9460340639534923,0.18500156402587897,-0.039309960013876356,0.03111111111111111,2345,vanilla,Vanilla DH
vol_regime,high_vol,proto_mean_gains,225,1.920120104085654,0.17272097170352937,-0.06489610427524894,0.02666666666666667,2345,proto_mean,ProtoHedge (Mean frontier)
vol_regime,high_vol,proto_tail_gains,225,1.8432910943445233,0.12366807162761691,-0.13219140764946738,0.03111111111111111,2345,proto_tail,ProtoHedge (Tail frontier)
drawdown_regime,mild_dd,unhedged_gains,225,-0.011510991520351834,-0.06630923748016357,-0.11236366629600525,0.27111111111111114,2345,unhedged,Unhedged
drawdown_regime,mild_dd,spot_delta_gains,225,-0.013569048203644343,-0.06271421685814857,-0.1064439273128907,0.6533333333333333,2345,spot_delta,Spot-Delta
drawdown_regime,mild_dd,spot_delta_band_gains,225,-0.013474876373139624,-0.06227605119347572,-0.10621447302401066,0.64,2345,spot_delta_band,Spot-Delta Band
drawdown_regime,mild_dd,vanilla_gains,225,1.5730693065871795,0.15941108465194703,-0.021140994348873694,0.022222222222222223,2345,vanilla,Vanilla DH
drawdown_regime,mild_dd,proto_mean_gains,225,1.539966604674442,0.14827624857425692,8.208983733008306e-05,0.013333333333333334,2345,proto_mean,ProtoHedge (Mean frontier)
drawdown_regime,mild_dd,proto_tail_gains,225,1.4630845785223776,0.10971019268035889,-0.04440480082606276,0.02666666666666667,2345,proto_tail,ProtoHedge (Tail frontier)
drawdown_regime,mid_dd,unhedged_gains,224,-0.02149736402290208,-0.0689395785331726,-0.09386345744132996,0.7276785714285714,2345,unhedged,Unhedged
drawdown_regime,mid_dd,spot_delta_gains,224,-0.021314354956692632,-0.06898484975099564,-0.08884747885167599,0.8616071428571429,2345,spot_delta,Spot-Delta
drawdown_regime,mid_dd,spot_delta_band_gains,224,-0.02127406564483993,-0.06845463365316391,-0.08874284600218137,0.8616071428571429,2345,spot_delta_band,Spot-Delta Band
drawdown_regime,mid_dd,vanilla_gains,224,1.662718850100126,0.24385564997792245,0.06867993707419373,0.017857142857142856,2345,vanilla,Vanilla DH
drawdown_regime,mid_dd,proto_mean_gains,224,1.665271969861351,0.22658284008502963,0.038406703931589924,0.017857142857142856,2345,proto_mean,ProtoHedge (Mean frontier)
drawdown_regime,mid_dd,proto_tail_gains,224,1.6554591574822553,0.25924746692180634,0.0849631408539911,0.013392857142857142,2345,proto_tail,ProtoHedge (Tail frontier)
drawdown_regime,deep_dd,unhedged_gains,225,-0.0319061279296875,-0.06977035999298095,-0.08291743199030559,0.96,2345,unhedged,Unhedged
drawdown_regime,deep_dd,spot_delta_gains,225,-0.030262429338116716,-0.06937735676765441,-0.07891115608314674,0.9822222222222222,2345,spot_delta,Spot-Delta
drawdown_regime,deep_dd,spot_delta_band_gains,225,-0.03026214357969972,-0.06958101093769073,-0.07898758041361968,0.9822222222222222,2345,spot_delta_band,Spot-Delta Band
drawdown_regime,deep_dd,vanilla_gains,225,1.8458479691959089,0.1396837592124939,-0.005302057756731908,0.03111111111111111,2345,vanilla,Vanilla DH
drawdown_regime,deep_dd,proto_mean_gains,225,1.8703869458701876,0.1471443980932236,-0.10343569020430247,0.02666666666666667,2345,proto_mean,ProtoHedge (Mean frontier)
drawdown_regime,deep_dd,proto_tail_gains,225,1.8350385991897848,0.1305742710828781,-0.06290693301707506,0.022222222222222223,2345,proto_tail,ProtoHedge (Tail frontier)
return_regime,down,unhedged_gains,225,0.0,0.0,0.0,0.0,3456,unhedged,Unhedged
return_regime,down,spot_delta_gains,225,-0.0022925896263526133,-0.020808965340256686,-0.03165551492323478,0.5644444444444444,3456,spot_delta,Spot-Delta
return_regime,down,spot_delta_band_gains,225,-0.0021019519385299646,-0.02023683413863182,-0.029318748352428276,0.5822222222222222,3456,spot_delta_band,Spot-Delta Band
return_regime,down,vanilla_gains,225,1.5589202576078889,0.1662203043699265,0.023730442917440087,0.017777777777777778,3456,vanilla,Vanilla DH
return_regime,down,proto_mean_gains,225,1.5177856498791111,0.22438162565231326,0.0904044567917784,0.017777777777777778,3456,proto_mean,ProtoHedge (Mean frontier)
return_regime,down,proto_tail_gains,225,1.5567817410164408,0.21939032077789308,0.08759407512843609,0.013333333333333334,3456,proto_tail,ProtoHedge (Tail frontier)
return_regime,middle,unhedged_gains,224,-0.014532770961523056,-0.02585601806640625,-0.026784449815750122,0.9642857142857143,3456,unhedged,Unhedged
return_regime,middle,spot_delta_gains,224,-0.01409442585333766,-0.032568353973329064,-0.04268269923826059,0.8883928571428571,3456,spot_delta,Spot-Delta
return_regime,middle,spot_delta_band_gains,224,-0.014051385678677824,-0.03157035131007433,-0.041656652155021824,0.8883928571428571,3456,spot_delta_band,Spot-Delta Band
return_regime,middle,vanilla_gains,224,1.57116300862981,0.1371435709297657,0.025059412699192762,0.013392857142857142,3456,vanilla,Vanilla DH
return_regime,middle,proto_mean_gains,224,1.5745984422807981,0.10185231529176235,-0.0034235029791792235,0.022321428571428572,3456,proto_mean,ProtoHedge (Mean frontier)
return_regime,middle,proto_tail_gains,224,1.5823897526279325,0.09909508228302003,0.02177049619300912,0.008928571428571428,3456,proto_tail,ProtoHedge (Tail frontier)
return_regime,up,unhedged_gains,225,-0.05098835574256049,-0.08638982772827149,-0.13244726260503134,1.0,3456,unhedged,Unhedged
return_regime,up,spot_delta_gains,225,-0.047707527183617156,-0.08991305083036423,-0.12537274261315665,0.9911111111111112,3456,spot_delta,Spot-Delta
return_regime,up,spot_delta_band_gains,225,-0.0478263220232394,-0.08912493884563447,-0.12548026566704115,0.9911111111111112,3456,spot_delta_band,Spot-Delta Band
return_regime,up,vanilla_gains,225,1.8102833010639168,0.1018677905201912,-0.05115941126132384,0.02666666666666667,3456,vanilla,Vanilla DH
return_regime,up,proto_mean_gains,225,1.7872970671786201,0.17400245964527133,-0.05905386681358019,0.02666666666666667,3456,proto_mean,ProtoHedge (Mean frontier)
return_regime,up,proto_tail_gains,225,1.7396186178591517,0.20897795557975773,-0.05717946899433931,0.022222222222222223,3456,proto_tail,ProtoHedge (Tail frontier)
vol_regime,low_vol,unhedged_gains,225,-0.023455597029791938,-0.06422119140625,-0.07670734326044719,0.7555555555555555,3456,unhedged,Unhedged
vol_regime,low_vol,spot_delta_gains,225,-0.023002493945985206,-0.06240125223994255,-0.0770107436304291,0.8711111111111111,3456,spot_delta,Spot-Delta
vol_regime,low_vol,spot_delta_band_gains,225,-0.02298703978164768,-0.06158716082572937,-0.0768041458601753,0.8755555555555555,3456,spot_delta_band,Spot-Delta Band
vol_regime,low_vol,vanilla_gains,225,1.273567398491626,0.03884564563632012,-0.069911246750659,0.04,3456,vanilla,Vanilla DH
vol_regime,low_vol,proto_mean_gains,225,1.3354119964378575,0.14686044156551367,0.027496725204400718,0.013333333333333334,3456,proto_mean,ProtoHedge (Mean frontier)
vol_regime,low_vol,proto_tail_gains,225,1.3209151534487804,0.23486218452453614,0.06952099424476425,0.013333333333333334,3456,proto_tail,ProtoHedge (Tail frontier)
vol_regime,mid_vol,unhedged_gains,224,-0.019293058663606644,-0.06207859516143799,-0.0737336277961731,0.6116071428571429,3456,unhedged,Unhedged
vol_regime,mid_vol,spot_delta_gains,224,-0.0187221983316184,-0.059017605148255825,-0.07367388034860294,0.7723214285714286,3456,spot_delta,Spot-Delta
vol_regime,mid_vol,spot_delta_band_gains,224,-0.018715632815786063,-0.058874821104109284,-0.0731710543235143,0.78125,3456,spot_delta_band,Spot-Delta Band
vol_regime,mid_vol,vanilla_gains,224,1.771490153628942,0.26639537364244464,0.11820223502581939,0.008928571428571428,3456,vanilla,Vanilla DH
vol_regime,mid_vol,proto_mean_gains,224,1.7058793562027859,0.3379582777619362,0.051370921661145985,0.03125,3456,proto_mean,ProtoHedge (Mean frontier)
vol_regime,mid_vol,proto_tail_gains,224,1.683054047443355,0.14585599675774574,-0.0025246477453038096,0.017857142857142856,3456,proto_tail,ProtoHedge (Tail frontier)
vol_regime,high_vol,unhedged_gains,225,-0.02279362784491645,-0.07976140975952148,-0.1272650957107544,0.5955555555555555,3456,unhedged,Unhedged
vol_regime,high_vol,spot_delta_gains,225,-0.022390418263385073,-0.07915188521146774,-0.12081797793507576,0.8,3456,spot_delta,Spot-Delta
vol_regime,high_vol,spot_delta_band_gains,225,-0.02229771703028948,-0.07901577800512313,-0.12125932114819686,0.8044444444444444,3456,spot_delta_band,Spot-Delta Band
vol_regime,high_vol,vanilla_gains,225,1.8961993580477106,0.23259651362895967,0.03333485390370091,0.008888888888888889,3456,vanilla,Vanilla DH
vol_regime,high_vol,proto_mean_gains,225,1.8389732774264282,0.13251901865005494,-0.050162630466123424,0.022222222222222223,3456,proto_mean,ProtoHedge (Mean frontier)
vol_regime,high_vol,proto_tail_gains,225,1.8752683074772358,0.1409209668636322,-0.020863809622824192,0.013333333333333334,3456,proto_tail,ProtoHedge (Tail frontier)
drawdown_regime,mild_dd,unhedged_gains,225,-0.009563097423977322,-0.05551488399505615,-0.08253673712412517,0.28,3456,unhedged,Unhedged
drawdown_regime,mild_dd,spot_delta_gains,225,-0.010668299486407906,-0.055378602445125574,-0.08073791240652402,0.6488888888888888,3456,spot_delta,Spot-Delta
drawdown_regime,mild_dd,spot_delta_band_gains,225,-0.010511979907201345,-0.053272289037704465,-0.08065211058904727,0.6622222222222223,3456,spot_delta_band,Spot-Delta Band
drawdown_regime,mild_dd,vanilla_gains,225,1.4693019340383924,0.13976568281650545,-0.06953654075429465,0.022222222222222223,3456,vanilla,Vanilla DH
drawdown_regime,mild_dd,proto_mean_gains,225,1.4490707613776128,0.13462118804454806,-0.03174807922914624,0.022222222222222223,3456,proto_mean,ProtoHedge (Mean frontier)
drawdown_regime,mild_dd,proto_tail_gains,225,1.458151248652074,0.15067913532257082,-0.03435488495354851,0.022222222222222223,3456,proto_tail,ProtoHedge (Tail frontier)
drawdown_regime,mid_dd,unhedged_gains,224,-0.025113320776394436,-0.07329279780387879,-0.11684075991312663,0.7544642857142857,3456,unhedged,Unhedged
drawdown_regime,mid_dd,spot_delta_gains,224,-0.024510020324409458,-0.07422892451286316,-0.11033874688049157,0.8392857142857143,3456,spot_delta,Spot-Delta
drawdown_regime,mid_dd,spot_delta_band_gains,224,-0.02451215309403259,-0.07292247340083122,-0.1105132419615984,0.84375,3456,spot_delta_band,Spot-Delta Band
drawdown_regime,mid_dd,vanilla_gains,224,1.5791368608978311,0.14155723974108697,0.022762744532277186,0.026785714285714284,3456,vanilla,Vanilla DH
drawdown_regime,mid_dd,proto_mean_gains,224,1.5653225156378798,0.21409619301557542,0.025746523402631283,0.022321428571428572,3456,proto_mean,ProtoHedge (Mean frontier)
drawdown_regime,mid_dd,proto_tail_gains,224,1.6056102092240638,0.2858669221401215,0.1153870567601795,0.008928571428571428,3456,proto_tail,ProtoHedge (Tail frontier)
drawdown_regime,deep_dd,unhedged_gains,225,-0.030891733169555666,-0.06644024848937988,-0.07977985342343648,0.9288888888888889,3456,unhedged,Unhedged
drawdown_regime,deep_dd,spot_delta_gains,225,-0.028962514383472606,-0.06249522119760513,-0.07985241121302049,0.9555555555555556,3456,spot_delta,Spot-Delta
drawdown_regime,deep_dd,spot_delta_band_gains,225,-0.029002018938837054,-0.06266547963023186,-0.07964623967806499,0.9555555555555556,3456,spot_delta_band,Spot-Delta Band
drawdown_regime,deep_dd,vanilla_gains,225,1.8919632117088057,0.14055056869983673,0.03918234035760785,0.008888888888888889,3456,vanilla,Vanilla DH
drawdown_regime,deep_dd,proto_mean_gains,225,1.8652466559824017,0.15778399705886845,0.012883023203661045,0.022222222222222223,3456,proto_mean,ProtoHedge (Mean frontier)
drawdown_regime,deep_dd,proto_tail_gains,225,1.8151318556567033,0.10365075469017031,0.004138419094185035,0.013333333333333334,3456,proto_tail,ProtoHedge (Tail frontier)
