regime_type,regime,prototype,mean_weight
return_regime,down,prototype_0,0.0005258435849100351
return_regime,down,prototype_1,1.8493306885858374e-10
return_regime,down,prototype_2,0.000143107317853719
return_regime,down,prototype_3,0.03786133974790573
return_regime,down,prototype_4,0.07988854497671127
return_regime,down,prototype_5,3.6713151985168224e-07
return_regime,down,prototype_6,4.86417377487669e-07
return_regime,down,prototype_7,1.5046391910189527e-10
return_regime,down,prototype_8,0.13329455256462097
return_regime,down,prototype_9,1.7234772636820495e-12
return_regime,down,prototype_10,0.08048735558986664
return_regime,down,prototype_11,0.043857671320438385
return_regime,down,prototype_12,5.064817454325521e-09
return_regime,down,prototype_13,0.0013997943606227636
return_regime,down,prototype_14,0.0002802296949084848
return_regime,down,prototype_15,1.4636932291201e-11
return_regime,down,prototype_16,0.18948431313037872
return_regime,down,prototype_17,0.02226814441382885
return_regime,down,prototype_18,0.1365116387605667
return_regime,down,prototype_19,2.3139427867135964e-05
return_regime,down,prototype_20,2.296135087620499e-10
return_regime,down,prototype_21,0.20558835566043854
return_regime,down,prototype_22,3.554596617050265e-10
return_regime,down,prototype_23,0.06838375329971313
return_regime,down,prototype_24,1.334630496785394e-06
return_regime,middle,prototype_0,0.0007829891983419657
return_regime,middle,prototype_1,7.708169658116049e-10
return_regime,middle,prototype_2,0.00013035209849476814
return_regime,middle,prototype_3,0.018176984041929245
return_regime,middle,prototype_4,0.06510081887245178
return_regime,middle,prototype_5,1.1933631185456761e-06
return_regime,middle,prototype_6,5.991356033518969e-07
return_regime,middle,prototype_7,5.767338606688099e-09
return_regime,middle,prototype_8,0.2501679062843323
return_regime,middle,prototype_9,7.055825368418311e-11
return_regime,middle,prototype_10,0.07882354408502579
return_regime,middle,prototype_11,0.07834301143884659
return_regime,middle,prototype_12,2.4073361082344036e-09
return_regime,middle,prototype_13,0.0009038251009769738
return_regime,middle,prototype_14,0.0007080262876115739
return_regime,middle,prototype_15,1.5072464110144068e-10
return_regime,middle,prototype_16,0.18404152989387512
return_regime,middle,prototype_17,0.046586647629737854
return_regime,middle,prototype_18,0.060602739453315735
return_regime,middle,prototype_19,2.641907485667616e-05
return_regime,middle,prototype_20,2.3426580675334208e-09
return_regime,middle,prototype_21,0.20087170600891113
return_regime,middle,prototype_22,2.1632042823682696e-09
return_regime,middle,prototype_23,0.014729305170476437
return_regime,middle,prototype_24,2.3985764983081026e-06
return_regime,up,prototype_0,0.0015928427455946803
return_regime,up,prototype_1,2.145648547724477e-09
return_regime,up,prototype_2,0.0005213604890741408
return_regime,up,prototype_3,0.014686273410916328
return_regime,up,prototype_4,0.062226563692092896
return_regime,up,prototype_5,3.2741659197199624e-06
return_regime,up,prototype_6,1.7037845054801437e-06
return_regime,up,prototype_7,7.802240631349378e-09
return_regime,up,prototype_8,0.24171017110347748
return_regime,up,prototype_9,7.789324740770098e-11
return_regime,up,prototype_10,0.06709640473127365
return_regime,up,prototype_11,0.12908369302749634
return_regime,up,prototype_12,1.0553283402714442e-07
return_regime,up,prototype_13,0.0012328188167884946
return_regime,up,prototype_14,0.0037897152360528708
return_regime,up,prototype_15,3.0612154477971387e-10
return_regime,up,prototype_16,0.1496327966451645
return_regime,up,prototype_17,0.08172383904457092
return_regime,up,prototype_18,0.04072531685233116
return_regime,up,prototype_19,5.8729765441967174e-05
return_regime,up,prototype_20,4.55079529615432e-09
return_regime,up,prototype_21,0.19768467545509338
return_regime,up,prototype_22,4.954171295423748e-09
return_regime,up,prototype_23,0.008223365060985088
return_regime,up,prototype_24,6.358930932037765e-06
vol_regime,low_vol,prototype_0,0.00034335313830524683
vol_regime,low_vol,prototype_1,7.872989586654722e-12
vol_regime,low_vol,prototype_2,1.3895481060899328e-05
vol_regime,low_vol,prototype_3,0.012079484760761261
vol_regime,low_vol,prototype_4,0.04828236624598503
vol_regime,low_vol,prototype_5,5.292434224202225e-08
vol_regime,low_vol,prototype_6,4.0251656230338995e-08
vol_regime,low_vol,prototype_7,1.070326119401166e-11
vol_regime,low_vol,prototype_8,0.31278130412101746
vol_regime,low_vol,prototype_9,6.996387789861419e-14
vol_regime,low_vol,prototype_10,0.0775793045759201
vol_regime,low_vol,prototype_11,0.08712190389633179
vol_regime,low_vol,prototype_12,5.873941610889943e-11
vol_regime,low_vol,prototype_13,0.0003096663858741522
vol_regime,low_vol,prototype_14,0.000589340110309422
vol_regime,low_vol,prototype_15,4.977797687932828e-13
vol_regime,low_vol,prototype_16,0.1682443767786026
vol_regime,low_vol,prototype_17,0.0540398433804512
vol_regime,low_vol,prototype_18,0.03583020344376564
vol_regime,low_vol,prototype_19,5.001460067433072e-06
vol_regime,low_vol,prototype_20,1.1730392698861003e-11
vol_regime,low_vol,prototype_21,0.1986342966556549
vol_regime,low_vol,prototype_22,1.9483612639925596e-11
vol_regime,low_vol,prototype_23,0.004145361948758364
vol_regime,low_vol,prototype_24,2.1967986185700283e-07
vol_regime,mid_vol,prototype_0,0.000551078119315207
vol_regime,mid_vol,prototype_1,6.016653841811603e-11
vol_regime,mid_vol,prototype_2,0.0001414458529325202
vol_regime,mid_vol,prototype_3,0.017173614352941513
vol_regime,mid_vol,prototype_4,0.07442253828048706
vol_regime,mid_vol,prototype_5,2.2644239550118073e-07
vol_regime,mid_vol,prototype_6,1.4695771710648842e-07
vol_regime,mid_vol,prototype_7,1.8109413968403487e-10
vol_regime,mid_vol,prototype_8,0.20309601724147797
vol_regime,mid_vol,prototype_9,1.3639247066835058e-12
vol_regime,mid_vol,prototype_10,0.07397188991308212
vol_regime,mid_vol,prototype_11,0.08812819421291351
vol_regime,mid_vol,prototype_12,3.995429764813707e-09
vol_regime,mid_vol,prototype_13,0.0007878483738750219
vol_regime,mid_vol,prototype_14,0.0011236401041969657
vol_regime,mid_vol,prototype_15,6.142792437907607e-12
vol_regime,mid_vol,prototype_16,0.1987108290195465
vol_regime,mid_vol,prototype_17,0.0552787110209465
vol_regime,mid_vol,prototype_18,0.0746602863073349
vol_regime,mid_vol,prototype_19,1.1713599633367267e-05
vol_regime,mid_vol,prototype_20,1.225793216930171e-10
vol_regime,mid_vol,prototype_21,0.19702839851379395
vol_regime,mid_vol,prototype_22,1.5300950784169487e-10
vol_regime,mid_vol,prototype_23,0.014912733808159828
vol_regime,mid_vol,prototype_24,6.518752684314677e-07
vol_regime,high_vol,prototype_0,0.0020058800000697374
vol_regime,high_vol,prototype_1,3.0291786856651015e-09
vol_regime,high_vol,prototype_2,0.0006395438686013222
vol_regime,high_vol,prototype_3,0.041465602815151215
vol_regime,high_vol,prototype_4,0.08456585556268692
vol_regime,high_vol,prototype_5,4.549605819192948e-06
vol_regime,high_vol,prototype_6,2.599468189146137e-06
vol_regime,high_vol,prototype_7,1.3495384365569407e-08
vol_regime,high_vol,prototype_8,0.10901839286088943
vol_regime,high_vol,prototype_9,1.4833406725145437e-10
vol_regime,high_vol,prototype_10,0.07482756674289703
vol_regime,high_vol,prototype_11,0.07609183341264725
vol_regime,high_vol,prototype_12,1.0896015822936533e-07
vol_regime,high_vol,prototype_13,0.002438241383060813
vol_regime,high_vol,prototype_14,0.0030674359295517206
vol_regime,high_vol,prototype_15,4.639920114790641e-10
vol_regime,high_vol,prototype_16,0.1562896966934204
vol_regime,high_vol,prototype_17,0.04131120815873146
vol_regime,high_vol,prototype_18,0.12743189930915833
vol_regime,high_vol,prototype_19,9.148670505965129e-05
vol_regime,high_vol,prototype_20,6.975698685351972e-09
vol_regime,high_vol,prototype_21,0.20845945179462433
vol_regime,high_vol,prototype_22,7.288516457037986e-09
vol_regime,high_vol,prototype_23,0.0722794160246849
vol_regime,high_vol,prototype_24,9.21030732570216e-06
drawdown_regime,mild_dd,prototype_0,0.0013735307147726417
drawdown_regime,mild_dd,prototype_1,2.0174344417256407e-09
drawdown_regime,mild_dd,prototype_2,0.00024571921676397324
drawdown_regime,mild_dd,prototype_3,0.04156232997775078
drawdown_regime,mild_dd,prototype_4,0.0854620561003685
drawdown_regime,mild_dd,prototype_5,2.9435336728056427e-06
drawdown_regime,mild_dd,prototype_6,1.5396941535072983e-06
drawdown_regime,mild_dd,prototype_7,1.1808817923508741e-08
drawdown_regime,mild_dd,prototype_8,0.10475680232048035
drawdown_regime,mild_dd,prototype_9,1.2991016595798044e-10
drawdown_regime,mild_dd,prototype_10,0.08043087273836136
drawdown_regime,mild_dd,prototype_11,0.04793006181716919
drawdown_regime,mild_dd,prototype_12,5.5635876350379476e-08
drawdown_regime,mild_dd,prototype_13,0.0020738134626299143
drawdown_regime,mild_dd,prototype_14,0.0017666189232841134
drawdown_regime,mild_dd,prototype_15,3.515524260588876e-10
drawdown_regime,mild_dd,prototype_16,0.1752786934375763
drawdown_regime,mild_dd,prototype_17,0.026401227340102196
drawdown_regime,mild_dd,prototype_18,0.14640802145004272
drawdown_regime,mild_dd,prototype_19,6.257769564399496e-05
drawdown_regime,mild_dd,prototype_20,5.2870361422208134e-09
drawdown_regime,mild_dd,prototype_21,0.2095794677734375
drawdown_regime,mild_dd,prototype_22,5.1613748830448e-09
drawdown_regime,mild_dd,prototype_23,0.07665781676769257
drawdown_regime,mild_dd,prototype_24,5.837708158651367e-06
drawdown_regime,mid_dd,prototype_0,0.0009519413579255342
drawdown_regime,mid_dd,prototype_1,6.15369921685982e-10
drawdown_regime,mid_dd,prototype_2,0.0003668503777589649
drawdown_regime,mid_dd,prototype_3,0.017108716070652008
drawdown_regime,mid_dd,prototype_4,0.0710814893245697
drawdown_regime,mid_dd,prototype_5,1.184629127237713e-06
drawdown_regime,mid_dd,prototype_6,8.886119076123578e-07
drawdown_regime,mid_dd,prototype_7,8.911530402500034e-10
drawdown_regime,mid_dd,prototype_8,0.22529539465904236
drawdown_regime,mid_dd,prototype_9,8.871260497034239e-12
drawdown_regime,mid_dd,prototype_10,0.07521875202655792
drawdown_regime,mid_dd,prototype_11,0.0965055525302887
drawdown_regime,mid_dd,prototype_12,4.545104559383617e-08
drawdown_regime,mid_dd,prototype_13,0.0010065865935757756
drawdown_regime,mid_dd,prototype_14,0.0015913882525637746
drawdown_regime,mid_dd,prototype_15,6.043222172680274e-11
drawdown_regime,mid_dd,prototype_16,0.18868900835514069
drawdown_regime,mid_dd,prototype_17,0.05582684651017189
drawdown_regime,mid_dd,prototype_18,0.05866852030158043
drawdown_regime,mid_dd,prototype_19,3.249943983973935e-05
drawdown_regime,mid_dd,prototype_20,9.660959809920655e-10
drawdown_regime,mid_dd,prototype_21,0.19677327573299408
drawdown_regime,mid_dd,prototype_22,1.283691486442251e-09
drawdown_regime,mid_dd,prototype_23,0.010878173634409904
drawdown_regime,mid_dd,prototype_24,2.880628471757518e-06
drawdown_regime,deep_dd,prototype_0,0.0005771972937509418
drawdown_regime,deep_dd,prototype_1,4.67679950322264e-10
drawdown_regime,deep_dd,prototype_2,0.00018364157585892826
drawdown_regime,deep_dd,prototype_3,0.012047269381582737
drawdown_regime,deep_dd,prototype_4,0.05070757120847702
drawdown_regime,deep_dd,prototype_5,7.064463716233149e-07
drawdown_regime,deep_dd,prototype_6,3.6273405612519127e-07
drawdown_regime,deep_dd,prototype_7,9.91390081139798e-10
drawdown_regime,deep_dd,prototype_8,0.29497405886650085
drawdown_regime,deep_dd,prototype_9,1.1030667698697094e-11
drawdown_regime,deep_dd,prototype_10,0.07073646783828735
drawdown_regime,deep_dd,prototype_11,0.10695561021566391
drawdown_regime,deep_dd,prototype_12,1.2171256891235771e-08
drawdown_regime,deep_dd,prototype_13,0.00045664276694878936
drawdown_regime,deep_dd,prototype_14,0.0014251603279262781
drawdown_regime,deep_dd,prototype_15,5.896731714027936e-11
drawdown_regime,deep_dd,prototype_16,0.15921828150749207
drawdown_regime,deep_dd,prototype_17,0.0684049129486084
drawdown_regime,deep_dd,prototype_18,0.03275177255272865
drawdown_regime,deep_dd,prototype_19,1.3246894013718702e-05
drawdown_regime,deep_dd,prototype_20,8.618381563962885e-10
drawdown_regime,deep_dd,prototype_21,0.19776791334152222
drawdown_regime,deep_dd,prototype_22,1.0225946756037274e-09
drawdown_regime,deep_dd,prototype_23,0.003777788020670414
drawdown_regime,deep_dd,prototype_24,1.3766378970103688e-06
